"earn","age","gender","height","weight","ethnicity","education","mother_education","father_education","walk","exercise","smokenow","tense","angry"
116500,45,"male",74,210,"White",16,16,16,3,3,2,0,0
139800,58,"female",66,125,"White",16,16,16,6,5,1,0,0
69900,29,"female",64,126,"White",16,16,16,8,1,2,1,1
58250,57,"female",65,200,"White",17,17,NA,8,1,2,0,0
116500,91,"female",63,110,"Asian",16,16,16,5,6,2,0,0
144460,54,"female",68,165,"African American",18,18,18,1,1,2,2,2
118830,39,"female",63,190,"White",17,17,17,3,1,2,4,4
20970,26,"female",64,125,"White",15,15,15,7,4,1,4,4
67570,49,"female",62,200,"White",12,12,12,2,2,2,0,0
74560,46,"male",73,230,"White",17,17,17,7,1,1,0,0
4660,21,"male",72,176,"Hispanic",15,15,15,8,1,2,0,0
81550,53,"male",72,265,"White",NA,99,99,1,1,2,0,0
62910,26,"male",72,160,"White",12,12,12,1,2,2,1,1
15215,65,"male",70,225,"White",16,16,NA,4,1,2,0,0
0,50,"female",63,107,"White",14,14,14,7,4,2,2,2
69900,34,"male",68,170,"White",11,NA,NA,7,4,2,0,0
27960,27,"male",68,144,"White",12,12,12,6,5,2,2,2
34950,51,"male",71,193,"White",18,18,18,4,6,2,0,0
27960,51,"female",65,250,"White",12,12,12,5,1,2,1,1
46600,45,"female",66,130,"White",11,11,11,8,1,1,0,0
0,27,"female",60,100,"White",12,12,12,4,2,1,7,7
58250,41,"female",65,123,"White",12,12,12,1,4,1,0,0
51260,35,"female",66,130,"White",16,16,16,5,1,2,1,1
58250,29,"female",65,120,"White",16,16,16,5,4,2,1,1
46600,22,"male",71,160,"White",14,14,14,7,4,2,0,0
39610,58,"male",68,172,"White",12,12,12,8,1,2,0,0
93200,29,"female",68,135,"White",14,14,14,8,7,2,1,1
102520,44,"male",70,180,"White",13,13,13,8,2,2,4,4
0,21,"female",67,112,"White",9,9,9,1,1,1,0,0
16310,55,"female",64,240,"African American",12,12,12,8,1,2,4,4
123490,35,"male",73,190,"African American",13,13,13,6,7,2,2,2
11650,23,"female",64,145,"African American",12,NA,NA,3,1,1,7,7
11650,51,"female",62,120,"White",13,13,13,2,1,1,0,0
32620,21,"female",63,114,"White",14,14,14,5,3,2,0,0
104850,36,"male",69,170,"White",14,14,14,8,7,2,1,1
12815,22,"male",67,166,"White",14,14,14,6,7,2,0,0
93200,41,"female",66,124,"White",12,12,12,4,4,2,0,0
79220,45,"male",72,175,"White",12,12,NA,2,1,2,0,0
11650,23,"female",63,120,"African American",12,12,12,4,1,1,7,7
23300,35,"female",63,184,"African American",12,12,12,8,3,2,3,3
0,21,"male",68,150,"White",11,11,NA,2,7,1,1,1
62910,60,"female",64,150,"White",16,16,16,2,1,1,0,0
144460,44,"male",73,220,"White",14,14,NA,8,1,2,2,2
34950,69,"female",67,220,"White",12,12,12,1,1,2,0,0
0,44,"female",60,NA,"White",12,12,12,8,1,2,0,0
116500,38,"male",72,180,"White",16,16,16,5,6,2,1,1
0,55,"female",68,158,"White",12,NA,NA,3,1,2,0,0
95530,33,"male",77,255,"White",16,16,16,7,7,2,0,0
0,19,"female",64,150,"White",10,10,10,8,1,2,0,0
34950,25,"female",64,130,"White",14,14,14,4,1,2,3,3
58250,33,"female",64,NA,"White",12,12,12,1,5,2,7,7
58250,72,"female",63,146,"White",16,16,16,5,1,2,1,1
174750,39,"male",72,185,"White",17,17,17,8,5,2,4,4
62910,31,"male",68,180,"White",17,17,17,5,2,2,0,0
27960,26,"female",64,135,"White",12,12,12,8,1,2,7,7
93200,51,"male",70,168,"White",12,12,12,7,3,2,0,0
17475,78,"female",61,138,"White",14,14,14,8,1,1,0,0
58250,46,"female",65,115,"White",12,12,12,7,2,1,0,0
69900,31,"female",67,135,"African American",14,14,14,8,6,2,7,7
48930,57,"female",65,150,"White",12,12,12,8,1,1,0,0
62910,26,"female",64,120,"White",14,14,14,5,1,2,0,0
104850,44,"male",73,165,"White",16,16,16,7,2,1,0,0
6990,65,"female",67,130,"White",15,15,15,1,1,2,1,1
58250,30,"female",65,170,"White",12,12,12,8,7,2,2,2
55920,41,"female",65,140,"White",12,12,12,1,7,2,1,1
74560,29,"female",67,145,"White",18,18,18,4,5,1,1,1
23300,30,"female",68,145,"White",17,17,17,7,2,2,1,1
0,57,"female",70,150,"White",12,12,12,5,1,2,0,0
25630,21,"female",60,100,"Hispanic",12,12,12,2,1,2,0,0
43571,32,"female",65,105,"White",13,13,13,5,6,2,0,0
46600,29,"female",62,120,"White",12,12,12,2,1,1,7,7
8155,18,"male",72,160,"White",10,10,10,4,7,2,0,0
30290,56,"male",67,206,"African American",8,8,8,8,1,2,5,5
58250,65,"male",70,170,"White",12,12,12,1,1,2,0,0
48930,41,"male",70,183,"White",17,17,17,5,5,2,0,0
79220,49,"female",68,150,"White",17,17,17,5,5,2,2,2
11650,23,"female",66,115,"African American",12,12,12,7,4,2,1,1
13980,65,"female",60,120,"White",12,12,12,1,1,1,0,0
39610,28,"male",71,195,"White",12,12,12,8,7,1,1,1
81550,32,"male",71,140,"White",12,NA,NA,1,2,1,0,0
9320,18,"male",73,180,"White",13,13,13,6,6,2,0,0
11650,22,"female",64,115,"White",16,16,16,8,6,2,1,1
32620,55,"female",68,150,"White",14,14,14,4,1,2,0,0
23300,57,"female",66,118,"White",12,12,12,8,1,2,0,0
58250,29,"male",69,155,"White",16,16,16,2,6,2,4,4
0,63,"female",63,126,"White",8,NA,8,1,1,1,0,0
202710,60,"male",70,130,"White",18,18,18,1,1,2,0,0
37280,27,"female",63,130,"White",14,14,14,4,6,2,0,0
0,30,"female",66,123,"African American",13,13,13,8,3,2,1,1
34950,33,"female",66,110,"White",12,12,12,5,2,2,2,2
0,26,"female",64,200,"White",12,NA,NA,4,1,2,3,3
37280,28,"male",62,130,"Hispanic",14,14,NA,1,1,2,0,0
58250,67,"female",66,190,"White",18,18,18,8,2,2,0,0
38445,43,"female",64,116,"White",14,14,14,8,7,2,5,5
34950,73,"male",68,170,"White",12,12,12,3,7,1,0,0
9320,68,"female",64,190,"White",9,9,NA,2,1,2,0,0
8947,52,"female",67,342,"White",9,9,NA,5,1,2,0,0
11650,78,"female",60,90,"White",6,NA,NA,1,1,2,0,0
51260,39,"male",71,200,"White",12,12,12,1,6,2,0,0
466,53,"female",60,135,"White",16,16,16,8,1,2,3,3
60580,27,"female",66,140,"White",16,16,16,2,5,2,3,3
5825,21,"female",66,120,"White",15,15,15,1,1,2,2,2
39610,39,"female",65,125,"White",14,14,14,1,1,2,0,0
58250,35,"female",63,112,"White",16,16,16,4,5,2,0,0
18640,22,"female",70,130,"White",13,13,13,8,7,2,1,1
58250,31,"male",68,215,"White",12,NA,12,1,3,2,0,0
0,63,"female",65,98,"White",13,13,13,7,1,2,0,0
27960,68,"female",66,138,"White",13,13,13,4,1,1,0,0
23300,47,"female",62,123,"White",12,12,12,8,6,1,0,0
11650,77,"female",60,105,"White",8,8,8,7,1,2,0,0
233000,51,"male",76,220,"White",16,16,16,3,6,2,0,0
23300,67,"female",66,140,"White",15,15,15,8,1,1,2,2
0,38,"female",64,173,"White",14,14,14,4,1,1,0,0
34950,39,"male",72,185,"White",12,12,12,8,2,2,0,0
104850,43,"female",66,190,"Asian",12,12,12,8,6,2,0,0
34950,73,"male",69,190,"African American",11,NA,NA,4,4,2,0,0
5592,39,"female",67,115,"Hispanic",8,8,8,8,4,1,1,1
69900,32,"male",68,150,"Hispanic",12,12,12,4,6,2,2,2
69900,33,"male",70,150,"White",12,12,12,5,6,2,1,1
23300,38,"female",62,125,"White",12,12,12,6,4,2,5,5
11650,26,"female",63,137,"White",13,13,13,7,2,1,0,0
27960,63,"female",66,125,"White",13,13,13,1,1,2,5,5
46600,61,"female",70,80,"White",10,10,10,2,1,2,0,0
46600,36,"female",68,160,"White",12,12,12,3,1,2,1,1
46600,23,"male",70,160,"White",14,14,14,8,7,2,0,0
58250,57,"female",65,125,"White",18,18,18,8,7,2,1,1
11650,82,"female",68,110,"White",8,NA,NA,1,4,2,0,0
0,59,"female",66,133,"White",12,12,12,3,1,2,4,4
58250,76,"male",71,180,"White",18,18,18,8,1,2,0,0
2796,20,"female",66,135,"White",12,12,12,7,7,2,2,2
11650,69,"female",62,130,"White",12,12,NA,6,4,2,0,0
1631,32,"female",68,120,"White",16,16,16,4,5,2,0,0
46600,27,"male",70,150,"White",16,16,16,1,4,1,0,0
23300,22,"female",61,110,"Hispanic",12,12,12,8,6,1,0,0
69900,73,"female",63,128,"White",12,12,12,7,7,2,0,0
58250,63,"male",72,185,"Hispanic",8,NA,NA,8,1,2,0,0
93200,56,"female",64,200,"White",14,14,NA,8,7,2,0,0
58250,89,"male",67,155,"White",12,NA,NA,8,7,2,0,0
104850,65,"female",66,135,"White",18,18,18,5,2,2,0,0
23300,79,"female",61,130,"White",17,17,17,7,1,2,0,0
139800,63,"female",69,132,"White",18,18,18,8,1,2,0,0
104850,56,"female",62,103,"White",12,12,12,8,1,2,0,0
0,21,"female",64,150,"White",12,NA,NA,4,7,2,3,3
41940,66,"female",68,130,"White",12,12,12,7,1,1,0,0
34950,74,"female",60,128,"White",12,NA,NA,4,5,2,5,5
116500,42,"male",71,155,"White",18,18,18,8,3,2,1,1
37373,33,"female",64,155,"White",12,NA,NA,8,1,2,3,3
34950,30,"female",67,140,"African American",14,14,14,8,1,1,7,7
23300,23,"male",69,160,"White",17,17,NA,1,7,2,2,2
76890,43,"female",67,185,"White",13,13,13,2,1,2,0,0
41940,30,"female",68,130,"White",12,12,12,7,7,2,0,0
34950,37,"female",63,105,"White",12,12,12,7,1,2,7,7
48930,22,"male",71,145,"White",12,NA,12,4,7,2,0,0
48930,43,"female",64,124,"African American",17,17,17,3,1,2,0,0
86210,37,"male",68,170,"White",11,11,11,4,4,2,2,2
88540,44,"female",68,126,"White",17,17,17,7,6,2,2,2
39610,43,"female",66,142,"Hispanic",14,14,14,4,4,1,0,0
0,29,"female",66,130,"White",12,12,12,4,3,1,2,2
0,32,"female",66,130,"Asian",16,16,16,8,2,2,0,0
34950,91,"female",60,100,"White",16,16,16,1,1,2,1,1
74560,30,"male",77,210,"White",16,16,16,1,7,2,1,1
64075,58,"female",67,160,"White",12,12,12,4,1,2,0,0
34950,76,"male",66,140,"White",12,NA,NA,8,1,1,0,0
38445,44,"female",62,120,"White",12,12,12,8,1,1,3,3
0,30,"female",64,118,"White",17,17,17,8,6,2,5,5
0,51,"female",72,175,"White",12,12,12,7,1,2,2,2
58250,35,"female",67,150,"White",18,18,18,7,5,2,1,1
62910,43,"female",61,116,"White",18,18,18,4,7,2,2,2
11650,28,"female",64,220,"White",12,NA,12,5,1,1,7,7
163100,38,"female",62,125,"White",16,16,16,8,1,2,0,0
11650,40,"female",63,150,"White",12,12,12,4,5,2,2,2
11650,24,"male",68,135,"White",16,16,16,1,4,2,1,1
144460,30,"male",69,158,"Asian",18,18,18,4,1,2,1,1
34950,59,"female",64,160,"African American",12,12,12,8,1,1,0,0
46600,26,"female",64,158,"White",15,15,15,8,4,1,0,0
9320,21,"male",72,185,"White",15,15,15,4,5,1,2,2
174750,39,"male",72,172,"White",12,12,12,7,6,2,0,0
139800,35,"female",64,130,"White",16,16,16,5,1,2,2,2
11650,31,"female",61,150,"White",13,13,13,8,1,2,7,7
69900,38,"male",74,230,"White",12,12,12,7,4,1,3,3
163100,35,"male",70,165,"White",14,14,14,5,4,1,2,2
11650,60,"female",64,115,"White",16,16,16,8,1,2,0,0
116500,41,"male",71,195,"White",16,16,16,8,4,1,0,0
102520,39,"female",63,120,"White",12,12,12,8,6,1,0,0
93200,40,"male",73,215,"White",18,18,18,4,4,1,0,0
69900,43,"female",64,133,"White",14,14,14,4,7,2,2,2
34950,24,"male",73,200,"African American",14,14,NA,8,7,2,2,2
81550,31,"female",63,150,"White",15,15,15,6,1,2,0,0
0,32,"female",62,130,"White",16,16,16,5,1,2,6,6
23300,40,"female",62,140,"White",16,16,16,3,1,2,7,7
53590,42,"female",70,170,"White",17,17,17,6,3,2,5,5
0,39,"female",62,115,"White",12,12,12,1,1,2,7,7
104850,62,"male",71,175,"White",17,17,17,6,1,2,0,0
34950,31,"male",71,170,"White",14,14,14,8,6,1,0,0
9320,71,"female",70,169,"White",14,14,14,8,1,2,0,0
39610,31,"male",67,160,"White",14,14,14,1,6,2,0,0
69900,32,"female",64,130,"White",12,12,12,6,4,2,3,3
64075,30,"female",67,112,"White",12,12,12,3,3,1,1,1
13253,69,"female",62,140,"White",8,8,NA,6,1,2,3,3
41940,56,"female",62,137,"Hispanic",13,13,13,6,1,2,0,0
81550,36,"male",67,170,"White",14,14,14,6,7,2,3,3
104850,32,"female",66,160,"White",17,17,17,8,1,2,0,0
100190,44,"male",68,185,"African American",13,13,13,7,1,2,7,7
74560,44,"female",62,140,"African American",14,14,14,6,2,2,1,1
58250,20,"female",62,118,"African American",12,12,NA,7,7,2,0,0
0,51,"female",66,148,"African American",5,5,NA,6,1,2,1,1
23300,56,"female",68,165,"African American",18,18,18,3,2,2,4,4
116500,38,"female",65,130,"Hispanic",12,12,12,8,1,2,1,1
34950,20,"male",74,160,"White",12,12,12,2,5,1,3,3
139800,45,"male",74,185,"White",13,13,13,8,3,1,0,0
69900,23,"male",71,175,"White",15,15,15,1,1,2,0,0
48930,50,"female",68,150,"Asian",12,12,12,8,4,2,5,5
5592,22,"female",62,110,"White",16,16,16,3,4,2,7,7
11650,50,"female",68,240,"White",10,10,10,8,7,1,0,0
81550,42,"female",62,150,"African American",15,15,15,2,1,2,2,2
2330,28,"female",66,136,"White",15,15,15,5,7,2,0,0
62910,27,"male",68,170,"White",12,12,12,8,1,1,3,3
15378,28,"female",60,115,"Hispanic",14,14,14,8,6,1,2,2
37280,43,"male",68,164,"White",8,8,8,4,1,2,2,2
209700,26,"male",72,185,"White",12,12,12,8,7,2,6,6
18640,42,"female",66,185,"White",12,12,NA,5,2,1,0,0
46600,32,"male",68,150,"White",10,NA,NA,1,1,2,0,0
34950,18,"female",68,130,"White",12,12,12,6,7,1,5,5
27960,60,"female",69,180,"White",12,12,12,8,1,2,0,0
58250,67,"female",63,170,"White",9,9,NA,8,2,2,2,2
55920,46,"female",64,128,"White",16,16,16,7,3,2,0,0
46600,39,"female",65,175,"White",14,14,14,8,3,2,0,0
44270,46,"female",61,128,"White",12,12,12,8,1,2,0,0
58250,53,"male",71,180,"White",8,NA,8,3,1,1,0,0
23300,49,"male",72,172,"White",12,12,12,8,1,2,0,0
93200,34,"female",66,125,"White",16,16,16,8,1,1,1,1
144460,35,"male",69,175,"African American",8,NA,NA,1,1,2,0,0
58250,38,"female",63,105,"African American",13,13,13,7,6,2,3,3
0,57,"female",62,NA,"White",10,10,NA,8,1,1,6,6
0,48,"female",60,145,"Hispanic",10,10,NA,8,1,2,0,0
23300,88,"female",62,138,"White",8,NA,NA,2,1,2,0,0
58250,64,"male",68,160,"White",14,14,14,8,1,2,0,0
58250,24,"male",70,150,"White",12,12,NA,4,6,2,0,0
58250,32,"male",71,165,"White",14,14,14,4,5,1,0,0
44270,61,"male",71,209,"White",16,16,16,8,4,2,4,4
102520,48,"male",68,210,"White",16,16,16,4,4,2,2,2
0,19,"female",66,145,"White",12,12,12,8,6,2,0,0
0,55,"female",63,140,"White",18,18,18,8,1,1,0,0
34950,49,"female",60,105,"White",14,14,14,8,2,1,0,0
39610,36,"female",63,137,"White",12,12,NA,5,1,2,5,5
55920,56,"male",68,150,"White",12,12,12,1,1,2,0,0
116500,38,"male",70,150,"White",16,16,16,8,6,2,0,0
53590,37,"female",64,170,"White",12,12,12,8,1,2,7,7
30290,74,"male",70,143,"White",12,12,12,8,7,2,0,0
46600,72,"female",66,178,"African American",NA,NA,NA,8,1,2,0,0
104850,49,"female",66,NA,"White",12,12,12,4,7,1,7,7
151450,46,"male",68,180,"White",16,16,16,1,6,2,1,1
16310,63,"female",61,135,"White",12,12,NA,4,1,2,3,3
93200,63,"male",68,180,"White",18,18,18,8,2,2,0,0
34950,43,"female",66,145,"White",17,17,17,7,1,2,3,3
46600,25,"male",70,164,"White",16,16,16,5,5,2,0,0
58250,77,"male",68,150,"White",6,NA,NA,1,1,1,0,0
46600,50,"male",71,175,"White",12,12,12,8,2,2,7,7
11650,67,"male",63,175,"White",9,NA,9,2,1,2,0,0
46600,42,"female",65,195,"White",12,12,12,8,1,2,0,0
58250,49,"female",66,150,"White",12,12,12,3,1,2,0,0
34950,20,"female",64,110,"White",14,14,14,8,6,2,0,0
114170,37,"male",70,195,"White",13,13,13,7,7,1,0,0
58250,24,"male",70,165,"White",8,8,8,8,7,1,0,0
0,36,"female",64,102,"White",12,NA,12,3,1,2,3,3
0,35,"female",63,150,"White",16,16,16,6,4,2,7,7
58250,65,"female",62,158,"White",12,12,12,5,1,2,0,0
69900,67,"female",65,160,"White",12,12,12,5,1,2,0,0
58250,62,"female",66,142,"White",12,12,12,8,1,2,1,1
81550,72,"female",60,125,"White",16,16,16,8,1,2,0,0
25630,57,"female",66,128,"White",14,14,14,7,1,2,0,0
37280,38,"female",61,160,"White",15,15,15,3,7,2,1,1
81550,43,"male",72,145,"White",14,14,14,1,7,2,2,2
291250,45,"male",74,240,"White",18,18,18,4,1,2,7,7
53590,47,"female",67,185,"White",12,12,12,3,1,1,2,2
39610,28,"female",66,170,"White",16,16,16,1,1,2,1,1
0,31,"female",62,125,"White",13,13,13,2,2,1,7,7
62910,41,"female",62,115,"White",12,12,12,2,1,2,3,3
163100,32,"male",72,180,"White",14,14,14,8,7,2,0,0
81550,47,"female",65,170,"White",15,15,15,8,1,2,0,0
23300,62,"female",60,150,"White",12,12,12,1,1,1,3,3
34950,30,"female",64,107,"White",13,NA,13,8,4,1,4,4
81550,39,"female",62,135,"White",15,15,15,6,6,2,0,0
34950,38,"female",66,130,"White",12,12,12,8,5,2,1,1
27960,39,"female",64,250,"White",12,12,12,7,6,2,0,0
18640,68,"male",71,135,"White",12,NA,NA,1,1,1,0,0
18640,50,"female",65,130,"White",12,12,12,7,1,1,0,0
81550,50,"male",73,225,"White",18,18,18,5,2,2,0,0
104850,51,"male",69,175,"White",11,NA,NA,8,1,1,0,0
0,58,"female",64,175,"White",12,12,12,8,7,2,0,0
11650,27,"female",64,118,"White",12,12,12,7,7,2,4,4
34950,22,"female",64,123,"White",14,14,14,4,2,2,0,0
34950,77,"female",61,136,"White",12,12,12,6,1,2,3,3
55920,51,"female",67,240,"White",18,18,18,7,2,2,3,3
58250,32,"female",62,189,"White",13,13,13,5,1,1,5,5
58250,54,"female",63,165,"African American",14,14,14,4,2,2,0,0
46600,28,"male",67,105,"Asian",10,10,NA,1,1,1,0,0
55920,24,"female",68,140,"White",12,12,12,8,4,2,0,0
102520,46,"male",72,165,"White",16,16,16,8,4,2,1,1
160770,38,"male",70,187,"White",12,12,12,7,1,1,0,0
144460,44,"male",70,188,"White",18,18,18,8,4,2,0,0
58250,65,"female",60,145,"African American",15,15,15,2,1,2,1,1
74560,32,"male",67,170,"African American",14,14,14,6,6,2,0,0
46600,33,"female",63,125,"African American",12,12,12,8,1,1,0,0
74560,35,"female",66,112,"Asian",18,18,18,5,2,2,0,0
58250,50,"female",66,135,"White",17,17,17,8,5,2,1,1
396100,45,"male",71,185,"White",18,18,18,5,4,2,0,0
0,29,"female",66,185,"African American",11,11,11,8,5,2,2,2
81550,33,"male",67,170,"White",16,16,16,1,7,2,0,0
93200,38,"male",76,194,"African American",16,16,16,5,6,2,1,1
76890,30,"male",69,155,"White",14,14,14,5,7,2,3,3
41940,22,"female",65,145,"White",12,12,12,2,3,2,0,0
69900,43,"female",62,120,"White",13,13,13,2,1,1,1,1
60580,31,"female",62,112,"White",12,12,12,2,1,1,7,7
11650,21,"female",62,120,"White",12,12,12,2,2,1,4,4
11650,18,"female",69,163,"White",12,12,12,2,1,1,7,7
46600,73,"female",62,130,"White",16,16,16,8,1,2,0,0
39610,30,"female",61,105,"White",12,12,12,5,6,1,0,0
74560,28,"female",65,138,"White",14,14,14,2,1,1,2,2
34950,22,"male",72,170,"White",14,14,14,7,6,2,0,0
0,41,"female",66,120,"White",17,17,17,8,6,2,3,3
116500,55,"male",72,248,"White",14,14,14,8,1,2,0,0
18640,39,"female",64,138,"White",12,NA,NA,3,2,2,2,2
93200,51,"male",71,190,"White",14,14,14,8,3,2,0,0
93200,41,"male",72,185,"White",15,15,15,8,6,2,3,3
76308,34,"male",66,130,"White",12,12,NA,7,5,1,0,0
11650,20,"male",68,170,"White",12,12,12,8,3,1,5,5
46600,69,"female",65,185,"White",14,14,14,3,1,2,0,0
83880,39,"female",65,128,"African American",15,15,15,8,7,2,0,0
13980,64,"female",62,170,"White",12,NA,NA,3,7,2,0,0
27960,34,"female",66,160,"Hispanic",14,14,14,7,7,2,2,2
139800,63,"male",67,150,"White",14,14,14,8,7,2,0,0
93200,44,"female",64,135,"White",13,13,13,8,2,1,0,0
11650,19,"male",74,185,"Hispanic",13,13,13,5,7,2,0,0
100190,38,"female",63,117,"White",12,12,12,5,6,2,0,0
104850,34,"female",67,150,"White",16,16,16,8,1,2,3,3
13980,39,"female",68,190,"White",18,18,18,3,1,2,5,5
18640,82,"female",64,154,"Asian",10,NA,10,7,1,2,0,0
46600,39,"female",64,170,"African American",13,13,13,8,1,2,5,5
39610,23,"male",66,165,"African American",12,12,12,8,6,2,0,0
4660,32,"female",65,112,"White",12,NA,NA,6,1,1,7,7
151450,28,"male",65,180,"White",12,12,12,8,3,2,0,0
116500,41,"male",72,180,"White",12,12,12,4,4,2,1,1
0,54,"female",68,128,"White",11,11,11,6,5,1,1,1
0,29,"female",63,170,"White",11,11,11,5,3,2,0,0
34950,21,"male",70,220,"White",13,NA,NA,1,1,2,0,0
25630,38,"female",68,140,"White",12,12,12,8,1,2,1,1
81550,30,"male",74,190,"White",18,18,18,5,7,2,0,0
62910,33,"male",63,185,"White",12,12,12,1,2,2,1,1
8155,61,"female",64,135,"White",12,12,12,8,1,2,0,0
34950,77,"female",65,132,"White",7,7,7,1,1,1,0,0
97860,37,"male",68,180,"White",12,12,12,8,4,1,2,2
34950,61,"female",61,200,"White",12,12,NA,5,1,2,0,0
46600,29,"female",67,130,"White",18,18,18,3,3,2,0,0
34950,29,"female",67,125,"White",12,12,12,8,1,1,3,3
23300,21,"male",73,207,"White",12,12,12,2,7,2,1,1
0,48,"female",62,105,"White",12,NA,NA,1,1,1,2,2
13980,78,"male",70,176,"White",8,8,8,8,7,2,0,0
58250,80,"male",71,200,"White",12,NA,NA,5,1,2,2,2
39610,23,"female",65,200,"Hispanic",16,NA,NA,8,1,2,3,3
81550,65,"male",69,148,"Hispanic",16,16,16,8,1,2,0,0
65240,28,"male",77,203,"White",14,14,14,8,7,2,0,0
34950,33,"female",68,165,"White",12,NA,NA,6,3,1,1,1
46600,24,"female",62,110,"White",17,17,17,6,1,1,0,0
46600,29,"female",64,128,"White",12,12,12,4,1,2,3,3
24465,42,"male",67,150,"Hispanic",12,12,NA,7,4,2,1,1
30290,22,"male",70,165,"White",16,16,16,7,7,2,2,2
23300,52,"female",62,123,"White",12,12,12,1,4,2,7,7
6990,37,"female",63,170,"White",12,12,NA,8,3,2,5,5
55920,29,"female",62,116,"White",14,14,14,1,4,1,7,7
0,41,"female",63,117,"White",17,17,17,1,1,2,4,4
39610,35,"female",69,160,"White",13,13,13,1,1,1,7,7
25630,48,"female",64,122,"White",12,12,NA,1,1,1,0,0
0,37,"female",64,154,"White",14,14,14,6,1,2,7,7
74560,40,"female",69,185,"White",14,14,14,1,4,1,4,4
39610,26,"female",59,95,"White",15,15,15,2,1,2,5,5
34950,47,"female",61,115,"White",16,16,16,5,6,2,0,0
58250,75,"female",60,125,"White",12,12,12,4,1,2,0,0
318045,49,"male",72,225,"White",12,12,12,4,4,2,0,0
6990,35,"female",66,NA,"Asian",12,12,NA,7,7,2,7,7
34950,60,"female",63,160,"White",8,NA,NA,8,6,2,0,0
0,41,"female",65,150,"White",12,12,12,1,1,1,0,0
58250,58,"male",70,200,"White",18,18,18,8,1,2,1,1
11650,48,"male",72,250,"White",14,14,14,2,1,2,0,0
4893,21,"female",62,125,"African American",12,12,12,6,1,1,6,6
34950,82,"male",70,148,"African American",10,10,10,8,1,1,0,0
34950,76,"female",60,120,"White",13,NA,13,8,1,2,0,0
34950,29,"female",66,140,"African American",12,12,12,2,1,2,3,3
34950,34,"male",64,160,"Hispanic",12,12,12,8,6,1,0,0
34950,23,"male",71,180,"White",16,16,16,2,6,2,2,2
11650,27,"male",73,250,"African American",12,12,12,7,5,1,0,0
7437,34,"male",75,180,"African American",11,11,11,8,7,1,0,0
34950,25,"female",62,110,"Asian",12,12,12,6,1,2,0,0
39610,26,"female",63,123,"White",17,17,17,5,5,2,1,1
69900,28,"female",65,150,"White",13,13,13,7,7,2,7,7
34950,32,"male",70,135,"White",12,12,12,1,1,2,0,0
11650,26,"female",64,110,"White",16,16,16,7,6,2,0,0
55920,42,"female",68,170,"White",16,16,16,6,4,2,1,1
23300,67,"female",65,154,"White",14,14,14,8,1,2,0,0
116500,53,"male",69,150,"White",8,8,8,2,7,1,0,0
34950,77,"female",64,170,"White",11,NA,NA,1,1,2,0,0
116500,53,"male",72,168,"White",16,16,16,3,2,2,0,0
318045,38,"male",69,160,"White",12,12,12,8,2,1,0,0
46600,49,"female",64,150,"White",17,17,17,4,2,2,0,0
69900,54,"female",63,108,"Hispanic",18,18,18,7,2,2,0,0
11650,41,"female",68,122,"White",18,18,18,2,1,2,2,2
0,63,"female",64,135,"White",12,12,12,1,1,1,1,1
0,48,"female",66,130,"White",10,10,10,6,1,2,0,0
58250,37,"male",70,165,"White",12,12,12,1,1,2,0,0
0,58,"female",63,134,"White",5,NA,5,7,1,2,0,0
51260,45,"female",73,180,"White",14,14,14,5,1,2,0,0
62910,24,"male",75,200,"White",12,12,12,1,7,2,0,0
9320,38,"female",65,210,"White",12,12,12,4,2,2,1,1
81550,41,"female",64,140,"White",16,16,16,8,4,2,0,0
40775,26,"female",66,160,"White",17,17,17,4,1,2,0,0
38445,28,"female",66,112,"White",14,14,14,7,6,2,3,3
65240,39,"female",64,190,"White",16,16,16,3,1,2,5,5
121160,50,"female",66,140,"White",18,18,18,2,5,2,0,0
34950,29,"female",64,108,"White",16,16,16,2,6,2,0,0
44270,32,"female",63,140,"White",13,13,13,8,7,2,2,2
0,44,"female",63,125,"White",13,13,13,8,4,2,0,0
11650,19,"female",67,132,"African American",12,12,NA,3,1,2,2,2
34950,34,"female",69,135,"White",12,12,NA,5,1,2,1,1
62910,23,"male",73,170,"White",12,12,12,6,6,1,2,2
34950,58,"male",72,171,"White",8,8,8,1,7,1,6,6
0,24,"female",66,196,"White",12,12,12,1,2,2,5,5
34950,33,"male",72,195,"White",14,14,14,8,5,2,1,1
33785,55,"female",64,150,"White",12,NA,NA,7,1,2,0,0
55920,30,"female",64,106,"White",13,13,13,2,1,2,0,0
11650,18,"female",61,115,"White",12,12,12,4,2,2,1,1
41940,36,"male",68,145,"White",15,15,15,7,7,2,0,0
9320,68,"female",62,118,"White",12,12,12,8,2,2,0,0
34950,85,"female",64,129,"White",12,NA,NA,6,1,2,0,0
9320,57,"female",69,NA,"White",13,13,13,6,1,2,0,0
46600,53,"female",66,160,"White",15,15,15,4,7,2,0,0
1631,36,"female",60,98,"White",12,12,12,8,1,2,7,7
58250,33,"female",64,123,"White",15,15,NA,7,7,2,0,0
55920,91,"female",65,220,"White",12,12,12,4,1,2,2,2
34950,60,"female",60,125,"White",12,NA,NA,2,1,2,0,0
62910,39,"male",76,215,"White",12,12,12,7,7,2,0,0
27960,35,"female",72,NA,"White",12,12,12,7,7,2,5,5
932000,33,"male",72,185,"White",12,12,12,5,4,2,6,6
51260,47,"female",62,145,"White",18,18,18,4,7,2,2,2
69900,36,"female",62,140,"White",13,13,13,1,1,2,1,1
104850,35,"male",70,160,"White",16,16,16,7,6,2,0,0
81550,61,"male",71,205,"White",12,12,12,8,3,2,0,0
46600,42,"male",74,195,"White",12,12,12,8,2,2,7,7
74560,32,"female",65,138,"White",16,16,16,5,1,2,0,0
13980,31,"female",63,160,"Asian",12,12,12,4,1,1,2,2
27960,39,"female",67,150,"White",12,12,12,3,1,1,0,0
0,44,"female",65,128,"White",16,16,16,2,1,1,0,0
23300,31,"female",63,145,"White",12,12,12,3,1,2,1,1
2330,18,"female",65,126,"White",12,12,NA,6,6,1,0,0
27960,71,"female",64,136,"White",15,NA,NA,7,6,1,0,0
37280,36,"female",65,140,"White",12,12,12,7,1,2,1,1
34950,27,"female",63,125,"White",13,13,13,7,1,2,2,2
0,41,"female",68,240,"White",16,16,16,8,1,2,5,5
58250,33,"female",63,140,"White",16,16,16,4,2,2,0,0
58250,27,"female",70,135,"White",12,12,NA,5,7,2,2,2
74560,30,"male",68,180,"White",12,12,NA,5,6,2,5,5
81550,43,"male",67,165,"White",14,14,14,1,5,2,0,0
58250,24,"male",68,130,"White",12,12,12,8,2,1,7,7
58250,23,"female",66,135,"White",12,12,12,3,1,2,2,2
13980,28,"female",65,125,"White",12,12,12,8,1,1,1,1
186400,44,"male",69,165,"White",14,14,14,4,3,1,0,0
46600,25,"female",68,145,"White",14,14,14,7,1,2,0,0
2330,38,"female",66,187,"White",17,17,17,2,1,2,0,0
65240,38,"male",71,165,"Hispanic",13,13,13,1,5,1,0,0
60580,23,"male",64,125,"Hispanic",16,16,16,7,7,2,0,0
62910,24,"male",74,210,"White",12,12,12,7,6,2,2,2
41940,41,"female",62,112,"White",13,13,13,5,3,2,2,2
4660,59,"female",65,200,"White",12,12,12,8,1,2,0,0
46600,66,"male",69,195,"White",12,12,12,4,5,2,0,0
34950,19,"male",72,185,"African American",12,12,12,8,2,2,2,2
13980,48,"female",66,221,"White",16,16,16,4,1,2,1,1
34950,32,"male",70,180,"White",11,11,11,8,4,2,0,0
34950,74,"female",61,170,"White",12,NA,NA,1,3,2,0,0
0,68,"female",60,110,"White",10,10,10,1,1,2,0,0
11650,19,"male",70,190,"White",12,12,12,2,4,2,2,2
11650,21,"female",73,130,"White",11,11,11,8,7,1,0,0
34950,74,"female",66,160,"White",12,12,12,7,1,2,1,1
104850,36,"female",57,130,"Hispanic",12,12,12,2,1,2,0,0
58250,63,"male",67,210,"White",11,11,11,8,7,2,0,0
27960,29,"male",73,180,"White",12,NA,NA,8,3,2,0,0
0,26,"female",65,115,"White",18,18,18,4,5,2,3,3
34950,45,"female",62,120,"White",12,12,12,6,1,2,0,0
27960,57,"male",76,165,"White",12,12,NA,8,1,1,0,0
69900,76,"male",70,175,"White",14,14,14,8,5,2,0,0
0,30,"female",64,160,"White",12,12,12,6,6,2,2,2
9320,22,"female",63,130,"African American",15,15,15,4,4,2,4,4
11650,18,"female",67,185,"African American",11,11,11,8,1,2,2,2
60580,37,"female",63,115,"African American",13,13,13,7,7,2,0,0
11650,53,"female",69,190,"White",9,9,NA,8,4,2,0,0
34950,23,"female",67,200,"White",9,9,9,1,1,1,7,7
34950,30,"female",66,180,"African American",12,12,12,4,4,1,7,7
11650,25,"female",61,140,"African American",12,12,12,7,7,2,1,1
53590,35,"male",70,164,"African American",12,12,12,8,7,1,4,4
48930,33,"male",71,175,"White",12,12,12,8,1,1,7,7
58250,62,"female",65,135,"White",12,12,12,5,1,2,3,3
41940,75,"male",70,157,"White",16,NA,16,4,1,2,1,1
9320,44,"female",63,150,"White",13,13,13,4,6,2,0,0
55687,22,"female",64,116,"White",12,12,12,8,7,2,2,2
81550,68,"male",68,145,"White",12,NA,NA,8,5,2,0,0
81550,40,"female",64,123,"White",18,18,18,3,6,2,1,1
60580,30,"male",67,140,"White",14,14,14,1,4,1,3,3
58250,36,"male",66,172,"White",16,16,16,2,2,2,1,1
54755,27,"female",68,118,"White",13,13,13,2,4,1,7,7
27960,22,"female",65,135,"White",12,12,12,1,1,2,1,1
34950,20,"female",67,140,"White",12,12,12,5,6,2,2,2
58250,67,"female",61,165,"White",8,NA,NA,7,1,2,0,0
6990,23,"male",73,210,"White",17,17,17,5,6,2,0,0
34950,68,"female",63,200,"White",12,12,12,2,1,2,0,0
46600,37,"female",66,145,"White",12,12,12,1,7,2,0,0
13980,67,"female",64,200,"White",12,12,12,8,1,2,2,2
32620,69,"male",71,160,"White",12,12,12,1,1,2,0,0
34950,31,"female",63,123,"White",16,16,16,3,1,2,2,2
407750,48,"male",71,180,"White",16,16,16,8,5,2,2,2
0,51,"female",63,118,"White",12,12,12,3,1,1,1,1
144460,70,"female",64,128,"White",16,16,16,5,1,2,1,1
2330,25,"male",73,170,"White",18,18,18,7,7,2,3,3
23300,63,"female",65,140,"White",14,14,14,6,2,2,0,0
104850,82,"male",66,120,"White",13,NA,13,4,1,2,0,0
34950,81,"female",66,120,"White",12,NA,NA,1,1,1,0,0
104850,79,"female",60,135,"White",15,15,15,8,1,2,0,0
116500,52,"female",68,165,"White",18,18,18,4,1,1,2,2
46600,41,"female",59,140,"White",13,13,NA,8,1,2,4,4
11650,42,"male",70,215,"White",12,12,12,2,6,1,2,2
81550,30,"male",70,165,"White",16,16,16,1,7,2,2,2
93200,28,"male",72,152,"White",16,16,16,4,7,2,0,0
81550,72,"female",64,135,"White",12,12,12,8,7,2,0,0
58250,33,"male",72,200,"White",12,12,12,8,2,1,1,1
116500,54,"female",66,170,"White",16,16,16,4,4,2,0,0
233000,57,"male",70,205,"White",18,18,18,5,1,1,0,0
81550,28,"male",69,145,"White",13,NA,NA,1,7,1,0,0
0,51,"female",66,115,"White",12,12,12,5,5,2,2,2
55920,35,"female",68,175,"White",12,12,12,3,1,1,0,0
0,30,"female",64,120,"White",12,12,12,4,1,1,4,4
58250,35,"female",67,140,"White",14,14,14,8,1,2,2,2
0,60,"female",63,124,"White",12,12,NA,2,1,2,0,0
81550,43,"male",74,268,"White",17,17,17,6,1,1,0,0
88540,74,"male",73,230,"White",16,NA,NA,7,5,2,0,0
81550,29,"male",70,200,"White",13,13,13,8,4,1,0,0
58250,76,"female",60,130,"White",8,8,8,8,1,2,0,0
69900,52,"male",67,160,"White",12,12,12,8,6,2,0,0
11650,39,"female",64,136,"Hispanic",12,12,NA,5,1,2,2,2
344840,38,"male",67,160,"White",18,18,18,1,4,2,0,0
69900,32,"male",70,165,"White",12,12,12,2,1,2,0,0
15145,31,"female",64,120,"White",15,15,15,8,6,2,1,1
6990,37,"female",62,95,"White",16,16,16,8,2,2,7,7
58250,75,"male",72,175,"White",15,15,NA,8,1,1,0,0
0,53,"female",66,200,"White",8,NA,8,1,1,1,2,2
53590,69,"male",69,230,"White",18,18,18,3,6,2,0,0
104850,65,"male",82,175,"White",18,NA,18,4,1,2,1,1
81550,36,"female",63,150,"White",16,16,16,8,1,2,0,0
93200,41,"male",68,155,"White",17,17,17,8,6,2,2,2
69900,39,"male",72,180,"White",14,14,14,8,2,2,1,1
0,29,"female",63,210,"White",14,14,14,8,2,1,7,7
32620,37,"female",63,210,"White",12,12,NA,6,5,1,0,0
34950,34,"female",69,NA,"White",12,12,12,8,1,2,7,7
60580,36,"female",64,120,"White",18,18,18,4,2,1,0,0
18640,25,"female",71,195,"White",12,12,12,8,7,1,7,7
55920,27,"female",64,123,"African American",16,16,16,8,6,1,4,4
0,20,"male",72,135,"White",8,8,8,5,5,1,0,0
0,25,"female",62,125,"White",12,12,12,8,2,1,7,7
0,38,"female",66,180,"White",10,10,10,8,5,2,3,3
34950,40,"male",72,200,"White",12,NA,NA,1,1,2,0,0
11939,67,"male",66,140,"White",8,8,8,1,1,1,3,3
23300,25,"female",61,110,"White",15,15,15,2,4,2,3,3
11650,38,"female",64,165,"White",7,NA,NA,5,1,1,1,1
11650,20,"female",62,111,"African American",13,13,13,8,5,2,0,0
0,19,"female",69,125,"White",13,13,NA,8,7,2,1,1
27960,32,"female",68,145,"White",16,16,16,7,1,2,7,7
0,23,"female",66,155,"White",12,12,12,5,7,1,7,7
116500,34,"male",68,180,"White",17,17,17,7,6,2,0,0
318045,41,"male",71,158,"White",16,16,16,5,5,1,0,0
53590,26,"female",64,125,"White",13,13,13,4,2,2,1,1
0,40,"female",61,118,"White",16,16,16,7,1,2,1,1
58250,69,"female",68,155,"White",12,12,12,4,1,2,0,0
11650,69,"female",63,174,"White",9,NA,NA,5,1,2,0,0
11650,91,"female",65,138,"White",12,NA,NA,8,1,2,1,1
11650,18,"female",64,110,"White",12,12,12,8,1,2,5,5
34950,38,"female",65,130,"White",12,12,12,8,7,1,0,0
11650,19,"female",64,125,"White",14,14,14,7,2,2,0,0
93200,34,"male",66,130,"African American",14,14,14,8,7,1,0,0
13980,26,"female",62,124,"African American",13,13,13,7,1,2,7,7
233000,77,"male",71,170,"White",18,18,NA,8,5,2,0,0
11650,30,"female",65,160,"African American",16,16,16,8,1,2,7,7
104850,52,"female",64,190,"White",8,NA,NA,8,1,1,7,7
58250,26,"female",60,120,"African American",12,12,12,8,5,2,0,0
256300,37,"male",66,156,"White",18,18,18,5,5,2,0,0
58250,37,"female",61,102,"White",13,13,13,8,4,1,2,2
95530,32,"male",72,145,"Hispanic",13,NA,NA,8,7,2,0,0
58250,55,"female",70,145,"White",12,12,NA,5,6,2,0,0
53590,78,"female",63,130,"White",13,13,13,4,4,2,0,0
34950,78,"female",68,132,"White",14,NA,14,8,5,2,0,0
0,32,"female",63,120,"White",12,12,12,7,5,2,7,7
48930,23,"male",70,165,"White",12,12,12,8,7,1,1,1
9320,29,"female",62,150,"White",12,12,12,5,1,1,7,7
58250,36,"male",71,280,"White",12,12,12,8,4,1,0,0
69900,46,"male",70,170,"White",18,18,18,4,7,1,1,1
32620,51,"female",64,159,"White",11,11,NA,8,1,2,0,0
13980,35,"female",63,115,"White",12,12,12,3,2,1,7,7
32620,46,"female",65,144,"White",12,12,12,2,1,1,0,0
100190,27,"male",71,175,"White",12,12,12,1,6,2,6,6
58250,33,"female",62,128,"White",15,15,15,8,5,1,7,7
93200,66,"male",73,195,"White",12,12,12,8,1,2,0,0
58250,73,"female",64,135,"White",16,16,16,8,1,2,0,0
151450,40,"male",68,220,"White",17,17,17,5,5,2,3,3
37280,32,"male",76,210,"White",15,15,15,3,4,2,0,0
318045,65,"male",73,196,"White",16,16,16,1,1,1,0,0
202710,54,"male",70,160,"White",18,NA,NA,1,6,2,0,0
18640,71,"female",66,120,"White",12,12,12,8,1,2,0,0
46600,39,"female",64,NA,"White",15,15,15,4,4,2,4,4
32620,72,"female",60,NA,"White",14,14,14,1,1,2,0,0
104850,74,"male",68,140,"White",12,12,12,8,1,2,0,0
18640,72,"female",61,180,"White",11,NA,NA,1,1,2,0,0
34950,71,"female",65,185,"White",10,NA,10,3,1,1,0,0
27960,28,"male",66,130,"White",12,12,NA,5,4,1,0,0
18640,31,"female",63,132,"White",14,14,14,5,5,2,0,0
37280,32,"female",63,105,"White",15,15,15,1,1,2,2,2
58250,43,"female",67,NA,"White",12,NA,NA,1,2,2,0,0
13980,73,"male",74,170,"White",15,15,15,7,1,1,7,7
318045,45,"female",66,160,"White",12,NA,12,4,7,2,1,1
44270,32,"male",70,180,"White",12,12,12,8,6,2,0,0
48930,39,"female",68,155,"White",13,13,13,6,3,1,5,5
100190,46,"female",70,131,"White",18,18,18,7,3,2,1,1
81550,21,"male",69,190,"White",15,15,15,7,7,2,0,0
18640,75,"male",70,175,"White",10,NA,NA,8,2,2,0,0
48930,41,"female",63,125,"White",14,14,14,7,1,1,1,1
13514,30,"female",65,135,"White",12,12,12,8,5,2,5,5
39610,46,"male",69,185,"White",12,NA,NA,5,1,2,0,0
104850,42,"female",65,120,"White",12,NA,NA,2,2,1,2,2
55920,49,"male",68,140,"White",14,14,14,4,3,1,2,2
11650,71,"female",62,140,"White",11,11,NA,1,1,2,3,3
144460,48,"male",70,185,"White",11,11,11,1,1,2,0,0
25630,23,"female",66,150,"White",12,12,12,8,1,1,3,3
23300,27,"male",65,225,"White",13,NA,13,5,1,2,0,0
93200,36,"male",70,185,"White",14,14,14,4,4,2,0,0
0,37,"female",66,163,"African American",12,NA,12,8,5,2,0,0
93200,47,"male",70,170,"White",12,NA,NA,8,4,1,0,0
55920,29,"female",66,165,"African American",14,NA,NA,8,2,2,3,3
116500,34,"male",68,160,"African American",18,18,18,8,7,2,0,0
58250,25,"female",68,NA,"White",12,12,12,6,2,1,3,3
55920,26,"male",68,160,"White",16,16,16,1,3,2,0,0
46600,33,"male",68,120,"White",16,16,16,8,3,2,0,0
34950,23,"female",63,120,"White",16,16,16,8,5,2,0,0
139800,50,"male",70,195,"White",18,18,18,3,1,2,0,0
25630,47,"female",65,155,"White",13,13,13,5,1,2,0,0
11650,40,"female",64,115,"White",15,15,15,8,2,2,7,7
318045,84,"female",63,113,"White",17,17,17,8,6,2,0,0
202710,39,"male",69,180,"White",18,18,18,8,5,2,5,5
62910,30,"female",65,135,"White",16,16,16,7,5,2,0,0
207370,41,"male",77,241,"White",16,16,16,8,1,2,2,2
93200,28,"male",70,175,"White",14,14,14,8,4,2,2,2
34950,26,"female",64,120,"White",16,16,16,8,7,2,0,0
2330,20,"female",64,130,"White",14,14,14,8,6,2,0,0
0,28,"female",62,180,"White",12,12,12,4,1,1,7,7
51260,60,"female",64,NA,"White",12,12,12,5,1,2,0,0
27960,48,"female",64,184,"White",8,8,8,1,1,1,0,0
51260,28,"female",63,125,"White",16,16,16,4,2,2,2,2
93200,56,"female",58,180,"African American",12,12,NA,8,1,2,0,0
58250,55,"male",73,182,"African American",10,NA,NA,2,6,2,2,2
0,58,"female",66,182,"White",12,12,12,8,6,2,0,0
144460,40,"female",64,120,"White",16,16,16,7,7,2,3,3
93200,44,"female",62,150,"White",16,16,16,5,1,2,0,0
0,42,"female",61,123,"White",13,13,13,6,7,2,0,0
81550,53,"female",64,113,"Hispanic",14,14,14,4,2,2,0,0
16310,28,"female",64,119,"White",12,12,12,8,1,2,0,0
58250,40,"male",70,190,"White",14,14,NA,8,1,2,0,0
32620,37,"female",62,118,"White",12,12,12,6,2,2,0,0
11650,20,"female",62,120,"White",12,12,12,8,1,2,1,1
34950,56,"female",64,150,"White",12,12,12,2,1,2,0,0
0,31,"female",66,240,"African American",14,14,14,1,1,2,0,0
13980,34,"female",66,150,"White",13,13,13,7,6,2,0,0
25630,41,"female",69,223,"African American",12,NA,NA,1,1,2,7,7
23300,31,"female",64,132,"White",13,13,13,4,1,2,0,0
0,59,"female",62,168,"White",12,12,NA,8,1,2,1,1
11650,32,"female",62,118,"White",12,12,12,4,4,1,4,4
46600,41,"male",71,193,"White",14,14,14,8,5,2,2,2
81550,56,"female",59,108,"White",12,NA,NA,7,1,2,0,0
16310,73,"female",62,155,"White",12,12,12,4,1,2,0,0
88540,46,"male",68,185,"White",9,9,9,8,2,2,1,1
67570,58,"male",68,175,"White",9,NA,NA,4,1,1,1,1
46600,44,"female",62,122,"White",10,10,NA,4,1,2,0,0
18640,57,"female",63,160,"White",12,12,12,4,1,1,0,0
83880,51,"male",69,175,"White",16,16,16,8,1,2,0,0
3495,44,"female",67,228,"White",12,12,12,7,7,2,1,1
97860,29,"female",64,135,"White",18,18,18,6,5,2,1,1
81550,44,"female",68,135,"White",17,17,17,8,1,1,1,1
58250,22,"male",70,165,"White",12,12,12,1,7,1,0,0
11650,18,"male",76,150,"White",9,9,9,3,6,2,0,0
30290,20,"male",69,140,"White",10,10,10,1,1,1,0,0
46600,64,"female",66,133,"White",11,11,11,4,1,2,0,0
23300,71,"female",66,98,"White",12,NA,NA,8,1,2,1,1
116500,49,"male",72,194,"Asian",15,15,15,8,5,1,3,3
69900,51,"male",69,145,"African American",11,11,11,8,1,2,0,0
16310,23,"male",69,160,"White",12,NA,NA,7,6,2,0,0
34950,82,"female",62,118,"African American",12,12,12,8,1,2,0,0
72230,48,"female",60,200,"African American",12,NA,NA,8,1,1,7,7
34950,42,"female",66,149,"African American",12,12,12,2,2,2,3,3
0,41,"female",60,135,"White",18,18,NA,2,1,2,4,4
116500,49,"male",67,170,"White",16,16,16,7,2,2,1,1
11650,18,"female",67,120,"Hispanic",11,11,11,1,1,2,3,3
11650,20,"male",66,140,"White",15,15,15,8,7,2,0,0
1398,18,"female",70,150,"African American",12,12,12,7,6,2,3,3
32620,51,"female",64,150,"African American",8,8,NA,8,1,2,0,0
93200,35,"female",60,105,"Asian",18,18,18,8,1,2,0,0
55920,36,"male",68,170,"White",18,18,18,5,7,2,5,5
58250,59,"female",66,150,"African American",12,NA,NA,8,1,2,0,0
51260,24,"male",73,180,"African American",12,12,NA,1,5,1,7,7
46600,36,"male",72,215,"White",8,8,8,4,1,1,1,1
46861,38,"female",64,145,"White",12,NA,NA,8,5,1,3,3
27960,67,"male",67,135,"White",13,13,13,7,1,1,1,1
34950,37,"male",71,180,"African American",8,NA,NA,8,6,1,0,0
46600,69,"male",70,221,"White",18,18,18,7,7,1,0,0
11650,44,"female",66,129,"White",8,8,8,4,1,2,0,0
95530,40,"female",67,140,"White",13,13,13,7,1,2,1,1
30290,50,"male",71,155,"African American",9,9,9,8,1,2,0,0
0,25,"female",63,136,"White",12,12,12,5,5,2,3,3
139800,31,"male",73,170,"White",16,16,16,1,4,1,0,0
55920,25,"male",70,155,"White",16,16,16,8,7,2,4,4
88540,36,"male",70,165,"White",16,16,16,1,7,2,6,6
6990,27,"female",71,128,"White",14,14,14,3,2,2,4,4
30290,30,"female",66,110,"White",12,12,12,4,2,1,0,0
11650,21,"male",75,160,"White",12,12,12,1,2,1,2,2
46600,37,"female",60,92,"White",14,14,14,4,5,2,5,5
51260,28,"male",72,230,"White",12,12,12,4,7,2,5,5
81550,40,"female",70,256,"White",14,14,14,1,1,2,2,2
0,23,"female",63,118,"African American",16,16,16,3,7,2,1,1
65240,55,"male",75,230,"African American",9,NA,NA,8,4,2,0,0
51260,41,"female",60,110,"White",12,12,12,6,3,1,7,7
69900,44,"male",73,186,"African American",12,NA,12,8,5,2,1,1
11650,70,"male",65,165,"African American",6,NA,NA,8,1,2,0,0
69900,32,"female",65,210,"African American",12,12,NA,2,1,2,7,7
81550,63,"female",63,135,"White",17,17,17,8,1,2,0,0
69900,31,"male",67,140,"White",16,16,16,8,4,2,0,0
74560,69,"female",61,130,"White",12,12,12,8,1,2,0,0
60580,43,"female",69,135,"White",17,17,17,6,5,2,4,4
51260,34,"female",64,144,"White",14,14,14,4,6,1,1,1
34950,72,"female",62,190,"White",14,NA,NA,5,1,2,0,0
58250,33,"male",70,150,"White",12,12,12,6,5,2,0,0
25630,24,"female",68,147,"White",10,10,10,8,3,1,7,7
34950,33,"male",67,140,"White",12,NA,NA,8,1,2,0,0
30290,53,"female",62,130,"White",12,NA,NA,5,1,1,1,1
23300,42,"female",64,180,"White",15,15,15,7,7,1,1,1
0,24,"female",68,110,"White",12,12,12,1,1,2,7,7
81550,32,"male",72,200,"White",16,16,16,8,6,2,0,0
27960,45,"female",68,120,"White",12,12,12,4,4,2,0,0
58250,38,"female",64,130,"White",17,17,17,6,1,2,7,7
0,57,"male",66,130,"White",13,13,13,5,7,1,0,0
16310,64,"female",64,118,"White",11,NA,NA,8,1,1,0,0
132810,37,"male",73,230,"White",14,14,14,2,1,1,0,0
83880,37,"male",73,210,"White",16,16,16,8,4,2,2,2
67570,29,"male",69,175,"Hispanic",14,14,14,7,6,2,4,4
18640,19,"female",68,133,"White",13,13,13,8,4,2,2,2
6990,18,"male",71,125,"African American",11,11,11,8,1,2,4,4
0,64,"female",63,160,"White",12,12,12,5,2,2,0,0
46600,41,"female",66,205,"White",16,16,16,8,1,2,0,0
0,36,"female",66,158,"White",12,NA,NA,8,1,1,3,3
76890,57,"male",66,173,"White",12,12,12,7,4,2,1,1
34950,68,"female",68,210,"Hispanic",12,12,NA,8,1,2,0,0
37280,33,"male",70,235,"White",12,12,12,1,1,2,1,1
11650,78,"female",62,148,"White",12,12,12,6,7,2,2,2
18640,43,"female",66,142,"White",14,14,14,5,4,2,3,3
74560,34,"female",63,122,"African American",16,16,16,4,1,2,3,3
33785,24,"male",75,175,"White",12,12,12,1,3,1,0,0
30290,29,"female",67,125,"White",12,12,12,2,2,2,6,6
11650,27,"male",68,115,"White",16,16,16,4,5,2,0,0
11650,34,"female",60,NA,"African American",12,12,12,2,1,2,0,0
0,20,"female",62,125,"White",10,NA,NA,8,7,2,2,2
11650,57,"female",70,200,"White",11,NA,11,4,1,2,1,1
16310,25,"female",63,160,"White",9,9,9,7,4,2,1,1
116500,65,"female",65,126,"African American",18,18,18,7,1,2,0,0
27960,35,"female",69,185,"African American",12,12,12,8,2,1,3,3
44270,61,"male",71,209,"White",14,14,14,8,6,2,0,0
20970,55,"female",62,110,"White",12,12,12,8,7,1,0,0
58250,38,"female",64,110,"White",12,12,12,2,2,1,4,4
46600,35,"female",65,130,"African American",12,NA,NA,8,1,1,2,2
128150,35,"male",72,170,"Hispanic",18,18,18,1,1,2,0,0
34950,71,"female",62,145,"African American",12,NA,NA,2,1,2,0,0
104850,31,"male",75,190,"White",18,18,18,6,7,1,4,4
23300,40,"female",65,120,"White",12,12,12,8,7,1,0,0
34950,67,"female",65,142,"White",12,12,12,8,1,2,0,0
30290,19,"female",63,113,"White",12,12,12,2,2,1,0,0
104850,30,"female",66,120,"White",18,18,18,7,7,2,0,0
46600,31,"female",64,110,"White",13,13,13,1,1,1,7,7
104850,29,"female",68,116,"White",16,16,16,6,2,2,6,6
69900,26,"male",72,185,"White",12,12,12,8,6,2,0,0
27960,34,"female",64,110,"White",12,12,12,8,1,2,1,1
60580,33,"female",70,125,"White",13,NA,13,7,2,2,2,2
29125,27,"female",65,115,"White",12,12,12,3,6,1,1,1
18640,29,"female",64,130,"White",12,12,12,2,1,1,1,1
34950,32,"female",64,120,"Hispanic",16,16,16,2,6,2,7,7
151450,25,"male",67,207,"White",14,14,14,2,7,1,1,1
58250,21,"male",73,175,"White",10,NA,10,8,6,1,6,6
18640,21,"male",73,185,"Hispanic",14,14,14,4,6,2,1,1
34950,21,"male",65,110,"Asian",14,14,14,7,4,2,1,1
27960,40,"female",64,160,"White",16,16,16,4,1,1,1,1
81550,42,"male",72,195,"White",12,12,12,8,1,2,2,2
81550,37,"female",67,140,"African American",13,13,13,5,6,2,2,2
93200,31,"male",67,162,"White",16,16,16,7,6,2,0,0
34950,24,"female",66,140,"Hispanic",14,14,14,7,2,2,1,1
67570,22,"male",74,145,"White",12,12,12,8,4,2,0,0
11650,74,"female",60,114,"White",10,10,10,8,1,1,0,0
34950,33,"female",64,96,"White",12,12,12,5,4,1,7,7
34950,31,"female",63,175,"White",13,13,13,4,2,2,1,1
46600,36,"male",74,250,"White",12,NA,NA,4,2,2,1,1
6990,62,"male",74,205,"African American",6,NA,NA,8,5,2,0,0
2330,19,"female",63,120,"African American",16,16,16,8,2,2,5,5
18640,23,"female",62,140,"African American",11,11,11,3,2,1,7,7
11650,18,"female",62,103,"White",12,12,NA,4,6,1,1,1
58250,27,"female",67,160,"White",16,16,16,8,5,2,2,2
11650,22,"male",75,219,"White",13,13,13,7,5,1,0,0
46600,57,"male",69,163,"White",12,12,12,7,4,2,0,0
34950,26,"female",65,133,"White",12,12,12,2,1,1,0,0
69900,34,"male",73,150,"White",12,12,12,2,2,2,0,0
27960,35,"female",63,200,"White",12,NA,12,1,1,1,0,0
11650,80,"female",59,NA,"White",11,NA,NA,1,1,2,3,3
0,34,"female",60,120,"White",12,12,12,7,1,1,7,7
34950,38,"female",65,122,"White",14,14,14,8,7,2,2,2
11650,34,"male",64,145,"African American",14,14,14,4,1,2,0,0
34950,59,"female",64,130,"African American",10,NA,NA,5,2,2,1,1
58250,78,"female",64,135,"White",18,NA,NA,8,1,2,0,0
23300,32,"female",67,210,"White",14,14,14,7,1,2,1,1
37280,19,"male",69,140,"White",12,12,12,8,1,1,0,0
104850,29,"male",71,185,"White",12,12,12,2,5,1,0,0
93200,54,"male",72,170,"White",14,14,14,5,5,2,0,0
34950,26,"male",72,200,"White",12,12,12,8,6,1,1,1
0,62,"female",63,140,"White",12,12,12,4,1,2,7,7
46600,33,"female",66,152,"White",13,13,13,8,5,1,0,0
58250,81,"male",70,125,"White",14,NA,NA,3,1,2,0,0
44270,52,"female",64,145,"White",14,14,14,7,5,1,0,0
41008,30,"female",64,128,"White",16,16,16,2,2,1,3,3
16310,67,"male",68,155,"White",12,NA,NA,8,1,2,0,0
69900,32,"male",74,207,"White",12,12,12,5,4,2,2,2
41940,47,"female",62,125,"White",11,11,11,1,1,1,0,0
34950,41,"female",63,135,"Hispanic",8,8,NA,7,1,1,0,0
58250,47,"female",65,135,"White",16,16,16,4,2,1,2,2
0,55,"female",66,155,"White",14,14,14,6,1,2,1,1
13980,62,"female",60,120,"White",5,5,5,8,1,2,7,7
163100,42,"male",69,170,"White",18,18,18,7,6,2,0,0
34950,34,"female",61,115,"Asian",16,16,16,5,1,2,0,0
34950,61,"male",68,140,"White",12,12,12,8,1,1,0,0
58250,33,"female",65,135,"White",17,17,17,8,1,1,0,0
81550,28,"female",66,120,"White",16,16,16,4,6,2,0,0
41940,24,"male",70,155,"White",16,16,16,5,3,2,0,0
65240,30,"male",72,165,"African American",15,15,15,2,6,2,0,0
81550,49,"female",66,160,"White",12,12,12,8,1,1,0,0
58250,23,"male",67,150,"Hispanic",12,12,12,8,4,2,1,1
34950,21,"female",64,135,"Hispanic",11,11,11,8,6,2,0,0
51260,28,"male",71,172,"Hispanic",14,14,NA,7,2,1,0,0
0,29,"female",63,128,"White",12,12,12,8,6,2,0,0
81550,30,"male",73,190,"White",12,NA,NA,3,3,2,0,0
41940,46,"female",64,140,"African American",15,NA,15,1,6,2,0,0
81550,37,"male",68,150,"White",14,14,14,7,5,1,0,0
38212,21,"female",64,115,"African American",12,12,12,4,1,2,5,5
51260,37,"male",66,135,"African American",16,16,16,1,1,1,1,1
69900,58,"female",67,128,"White",16,NA,NA,4,1,2,0,0
39610,27,"female",64,135,"Hispanic",12,12,12,4,5,2,2,2
58250,36,"female",64,147,"African American",14,14,14,8,6,2,7,7
23300,51,"female",62,138,"White",12,12,12,6,1,1,3,3
93200,37,"male",69,180,"White",12,12,12,1,3,2,1,1
29125,63,"female",63,125,"White",12,12,12,2,1,2,0,0
34950,77,"female",63,180,"White",12,NA,NA,1,1,2,0,0
23300,30,"female",63,135,"White",12,12,NA,7,3,2,7,7
81550,45,"male",72,195,"White",15,NA,NA,1,1,2,3,3
0,23,"female",61,93,"Hispanic",16,16,16,8,6,2,2,2
244650,49,"male",75,202,"White",12,12,12,2,2,1,1,1
58250,27,"male",71,160,"White",12,12,12,2,1,1,1,1
233000,40,"male",70,170,"White",18,18,18,8,7,2,1,1
58250,61,"female",60,130,"White",12,NA,NA,1,1,1,0,0
48930,51,"male",69,158,"White",12,NA,12,1,1,1,0,0
23300,56,"female",64,200,"White",14,14,14,1,1,2,7,7
76890,26,"male",72,222,"White",12,12,12,2,1,1,3,3
60580,25,"male",69,149,"White",18,18,18,1,7,2,0,0
139800,78,"female",63,136,"White",10,10,NA,7,1,2,0,0
34950,84,"female",64,110,"White",16,16,16,8,5,2,0,0
41940,45,"male",71,235,"White",16,16,16,7,7,2,1,1
34950,61,"female",59,105,"White",8,NA,NA,8,1,1,0,0
11650,20,"male",68,170,"White",13,13,13,6,4,2,0,0
139800,42,"male",77,270,"White",17,17,17,8,2,2,0,0
27960,69,"female",68,150,"White",14,14,14,8,1,2,3,3
65240,38,"male",70,140,"African American",18,18,18,8,1,2,0,0
97860,43,"male",69,154,"White",18,18,18,5,6,1,0,0
4660,33,"female",63,103,"White",12,12,12,8,1,1,0,0
23300,54,"female",65,147,"White",16,16,16,1,1,2,1,1
46600,33,"male",73,190,"African American",18,18,18,8,6,2,0,0
65240,40,"male",66,145,"Asian",15,15,15,8,1,2,0,0
23300,62,"male",72,212,"African American",17,17,17,4,2,1,0,0
0,65,"male",66,164,"White",16,NA,NA,8,1,2,0,0
72230,31,"male",72,161,"African American",12,12,12,8,6,1,7,7
39610,37,"female",69,172,"African American",13,13,13,7,1,2,4,4
37280,39,"female",67,220,"White",12,NA,NA,4,1,2,3,3
81550,38,"female",66,170,"White",15,15,15,8,1,2,0,0
6990,26,"female",67,111,"White",12,12,12,4,1,1,7,7
11650,78,"female",68,149,"White",11,11,11,7,6,1,1,1
58250,51,"male",72,155,"White",10,NA,NA,1,1,1,0,0
37280,39,"female",68,150,"White",18,18,18,8,6,2,4,4
81550,42,"female",65,120,"African American",15,15,15,8,7,2,3,3
62910,33,"female",62,140,"African American",17,17,17,5,1,2,0,0
58250,29,"male",69,155,"White",17,17,17,5,5,2,1,1
0,78,"female",62,200,"White",14,14,14,8,1,2,1,1
93200,41,"male",70,145,"White",16,16,16,4,4,1,1,1
104850,43,"female",66,151,"White",16,16,16,5,2,2,0,0
32620,23,"male",66,185,"White",12,12,NA,7,1,2,2,2
58250,37,"female",66,200,"White",14,14,14,8,1,1,0,0
93200,42,"male",72,230,"White",12,12,12,7,5,2,0,0
79220,35,"male",69,187,"White",12,NA,NA,6,1,1,0,0
93200,34,"male",66,205,"White",12,NA,12,7,2,2,0,0
58250,83,"male",71,190,"White",16,16,16,6,1,2,0,0
81550,28,"male",69,165,"White",14,14,14,1,7,2,0,0
27960,51,"female",60,104,"Hispanic",12,12,12,8,1,1,0,0
69900,43,"female",65,NA,"White",17,17,17,8,3,2,4,4
53590,40,"female",62,180,"White",12,12,12,2,1,1,6,6
4660,30,"female",67,150,"White",12,12,12,4,2,2,3,3
46600,25,"male",67,175,"White",14,14,14,8,6,1,0,0
23300,62,"female",68,240,"African American",9,9,NA,3,1,2,0,0
0,67,"female",65,175,"African American",6,NA,NA,1,1,2,4,4
58250,33,"female",63,115,"White",16,16,16,2,1,2,0,0
11650,19,"female",64,210,"Asian",12,12,12,1,1,2,7,7
11650,64,"female",66,150,"African American",11,NA,NA,8,1,1,0,0
139800,43,"female",66,160,"African American",16,16,16,8,1,2,0,0
27960,41,"male",74,170,"African American",16,16,NA,4,1,1,3,3
58250,61,"female",65,157,"White",18,18,18,2,1,2,1,1
51260,73,"female",63,180,"African American",14,14,14,2,1,2,0,0
0,38,"female",62,130,"White",12,12,12,4,1,1,2,2
18640,25,"male",68,165,"White",17,17,17,2,2,2,0,0
11650,22,"female",68,NA,"White",17,17,17,8,7,2,0,0
4660,21,"female",66,124,"White",16,16,16,7,6,2,1,1
11650,30,"female",64,110,"White",14,14,14,8,2,2,0,0
23300,20,"female",61,130,"White",13,13,13,7,1,2,0,0
43338,26,"female",65,122,"White",16,16,16,6,6,2,0,0
46600,20,"female",62,120,"White",14,14,14,8,7,2,0,0
233000,37,"male",73,200,"White",18,18,18,2,1,2,0,0
116500,40,"female",62,135,"White",15,15,15,1,1,1,2,2
62910,42,"male",70,170,"White",12,12,12,6,5,2,1,1
2330,58,"female",58,100,"African American",12,12,12,8,1,1,0,0
41940,20,"male",68,145,"White",12,12,12,4,2,1,4,4
39610,23,"female",67,140,"White",14,14,14,4,1,1,7,7
23300,74,"female",64,180,"White",12,12,12,8,1,2,0,0
32620,35,"male",70,208,"White",14,NA,NA,1,1,2,0,0
16776,66,"male",72,200,"White",14,NA,NA,8,1,1,0,0
0,52,"female",63,130,"Asian",8,8,8,4,1,1,3,3
76890,39,"female",63,112,"White",17,17,17,7,2,2,0,0
53590,34,"male",66,180,"White",12,12,12,1,1,2,0,0
23300,41,"female",65,138,"White",12,12,12,4,1,2,0,0
51260,24,"male",61,124,"White",12,12,12,2,6,2,2,2
30290,19,"female",61,110,"Hispanic",12,12,NA,7,1,2,2,2
76890,31,"female",67,150,"White",12,12,12,8,6,2,3,3
83880,36,"male",73,250,"White",12,12,12,7,1,1,0,0
23300,64,"female",66,180,"African American",10,NA,10,8,1,2,0,0
23300,32,"female",71,185,"African American",14,14,14,4,1,2,0,0
13980,60,"female",64,145,"White",12,12,12,5,3,2,1,1
58250,63,"male",70,199,"White",11,NA,NA,8,1,2,0,0
27960,43,"female",67,165,"White",12,12,12,8,5,2,3,3
23300,47,"female",62,190,"White",11,NA,NA,5,1,1,1,1
48930,45,"female",67,131,"White",12,12,12,6,1,2,2,2
60580,32,"male",69,210,"White",12,12,12,5,1,2,1,1
51260,50,"female",66,170,"African American",12,12,12,8,1,1,0,0
53590,54,"female",66,155,"African American",15,15,15,4,1,2,0,0
46600,24,"male",66,150,"White",15,15,15,8,7,2,1,1
23300,38,"female",66,130,"White",13,13,13,4,1,2,0,0
34950,71,"female",64,137,"White",12,NA,NA,2,1,2,0,0
16310,24,"male",72,190,"African American",14,14,14,5,5,2,1,1
34950,38,"female",64,195,"White",12,12,12,7,1,2,2,2
0,60,"female",64,170,"White",12,12,12,6,1,2,2,2
60580,34,"female",65,160,"White",16,16,16,1,1,1,0,0
23300,31,"male",72,150,"White",11,11,11,7,5,1,0,0
0,57,"female",63,150,"White",8,8,8,1,1,2,0,0
6990,20,"male",71,185,"White",14,14,14,8,5,2,1,1
62910,41,"female",64,135,"Hispanic",17,17,17,2,2,2,1,1
58250,52,"male",70,190,"African American",16,16,16,5,4,1,0,0
81550,39,"female",66,125,"White",18,18,18,8,1,2,0,0
65240,25,"female",64,112,"White",17,17,17,5,7,2,7,7
58250,22,"female",69,154,"White",12,12,12,1,7,1,1,1
34950,27,"female",67,123,"White",12,12,12,8,6,2,1,1
128150,30,"male",75,178,"White",18,18,18,8,7,2,0,0
46600,26,"female",66,125,"Hispanic",17,17,17,8,7,2,0,0
19805,44,"female",67,125,"White",12,12,12,8,1,1,0,0
0,58,"female",68,132,"White",12,12,12,1,1,2,0,0
34950,31,"female",67,142,"White",13,13,13,5,2,1,0,0
69900,41,"male",75,214,"African American",8,NA,NA,6,5,1,0,0
69900,30,"male",71,175,"White",16,16,16,1,1,2,0,0
0,66,"female",62,175,"White",12,12,12,8,1,2,0,0
11650,54,"female",68,180,"White",13,13,13,6,7,2,2,2
11650,18,"female",67,124,"White",14,14,14,2,3,1,0,0
46600,31,"female",68,135,"White",12,12,12,7,7,2,1,1
46600,57,"female",70,183,"White",15,NA,15,7,1,2,1,1
51260,75,"male",70,151,"White",6,6,6,5,1,2,0,0
58250,26,"male",67,145,"White",16,16,16,1,6,2,0,0
0,62,"female",64,122,"White",16,16,16,1,1,1,0,0
11650,33,"female",64,140,"African American",12,NA,NA,7,2,2,3,3
34950,64,"female",65,120,"White",12,12,12,8,1,1,0,0
6990,22,"male",71,160,"White",8,8,8,8,4,2,2,2
37280,49,"female",63,137,"White",12,12,12,6,1,1,0,0
69900,27,"male",70,175,"White",14,14,14,8,6,2,1,1
0,57,"female",64,126,"White",12,12,12,8,1,2,0,0
23300,39,"female",61,148,"African American",12,12,NA,1,1,2,0,0
34950,28,"female",65,162,"African American",12,12,12,1,5,2,7,7
65240,46,"male",67,170,"White",12,12,12,1,2,2,0,0
34950,45,"female",67,150,"White",12,NA,NA,2,2,2,2,2
34950,69,"female",68,NA,"White",12,12,12,6,1,2,3,3
11650,76,"female",59,110,"White",6,NA,NA,8,1,2,0,0
11650,53,"female",63,135,"White",12,NA,NA,7,7,1,7,7
73395,35,"male",65,153,"White",14,14,14,2,4,2,0,0
221350,52,"male",66,168,"White",18,18,18,7,2,2,3,3
104850,61,"male",68,160,"White",17,17,17,7,1,1,0,0
46600,53,"female",69,150,"White",12,NA,NA,4,1,2,0,0
88540,40,"male",67,145,"White",12,12,12,1,2,1,7,7
23300,70,"male",72,250,"White",8,8,NA,8,1,2,0,0
34950,73,"female",63,139,"White",16,16,16,7,1,2,0,0
69900,41,"male",74,199,"White",12,12,12,8,1,2,5,5
83647,42,"male",74,225,"White",16,16,16,4,6,2,0,0
27960,22,"female",66,104,"White",13,13,NA,1,7,2,1,1
34950,35,"male",72,165,"White",15,15,15,2,1,2,7,7
23300,25,"female",69,115,"White",16,16,16,2,2,1,0,0
104850,44,"female",66,150,"White",18,18,18,7,5,2,0,0
11650,19,"female",62,175,"White",12,12,12,4,5,2,3,3
11650,25,"male",68,130,"White",11,11,11,8,1,1,0,0
93200,56,"male",74,185,"White",16,16,16,8,6,2,0,0
50095,27,"male",72,180,"White",12,12,12,8,6,1,4,4
32620,62,"male",66,132,"White",12,NA,NA,8,1,1,4,4
88540,54,"male",67,175,"Asian",17,17,17,7,4,2,0,0
2330,18,"female",65,130,"White",12,12,12,8,7,2,0,0
32620,73,"male",66,240,"White",12,12,NA,8,1,2,4,4
34950,31,"female",65,130,"White",12,12,12,8,2,1,1,1
34950,23,"female",64,110,"White",16,16,16,6,2,1,0,0
0,63,"female",62,132,"Hispanic",12,NA,NA,8,1,2,0,0
58250,70,"female",64,160,"White",12,NA,NA,4,1,2,0,0
55920,42,"female",68,145,"White",13,13,13,7,6,2,0,0
10485,23,"female",64,130,"White",16,16,16,8,4,1,4,4
41940,63,"female",64,127,"White",16,16,16,7,5,2,0,0
81550,19,"female",64,115,"White",12,12,12,8,7,2,0,0
32620,20,"female",63,100,"White",12,NA,12,2,2,2,0,0
23300,28,"female",69,160,"White",12,12,12,1,1,2,7,7
22135,32,"female",67,150,"White",12,12,12,2,1,1,1,1
25630,66,"female",63,140,"White",15,15,15,1,1,2,0,0
39610,67,"male",67,140,"White",12,12,12,8,5,2,0,0
13980,28,"female",60,130,"White",13,13,13,8,6,2,0,0
5825,58,"female",62,140,"White",11,NA,NA,8,1,2,0,0
93200,41,"male",72,163,"White",16,16,16,7,5,2,0,0
0,35,"female",67,190,"White",14,14,14,6,5,2,2,2
58250,39,"male",67,165,"White",16,16,16,8,2,2,1,1
34950,65,"female",68,170,"White",13,13,13,8,1,2,2,2
65240,60,"female",66,170,"African American",15,15,15,8,2,1,0,0
76890,45,"female",66,136,"African American",12,12,12,8,1,2,1,1
11650,62,"female",68,210,"White",16,16,16,8,4,2,0,0
9320,64,"female",60,149,"White",8,NA,NA,8,1,2,7,7
0,29,"female",67,150,"White",12,12,NA,8,6,1,7,7
9553,30,"male",65,130,"White",16,16,16,5,2,1,0,0
11650,76,"male",60,89,"White",11,11,NA,1,1,2,0,0
58250,82,"female",69,135,"White",12,12,12,1,1,2,0,0
74560,28,"male",72,205,"White",12,12,NA,2,7,2,0,0
34950,40,"male",65,170,"Hispanic",9,9,9,8,1,1,0,0
34950,38,"male",69,170,"White",14,14,14,7,3,1,0,0
30290,58,"female",64,140,"White",8,NA,NA,8,1,1,0,0
18640,27,"male",64,150,"Hispanic",8,8,8,1,4,2,0,0
0,26,"female",62,100,"Asian",17,17,17,1,1,2,3,3
0,56,"female",65,170,"White",13,13,13,5,4,2,0,0
39610,38,"female",64,125,"White",12,12,12,8,2,2,1,1
34950,77,"female",67,137,"White",12,12,12,8,1,2,0,0
41940,32,"male",66,170,"White",13,13,13,8,4,2,0,0
27960,24,"male",73,165,"White",12,12,12,7,7,2,1,1
16310,49,"male",74,295,"White",7,7,7,7,1,2,1,1
0,24,"female",66,121,"White",12,12,12,2,2,2,2,2
2796,22,"female",65,130,"White",14,14,14,6,3,2,1,1
0,18,"male",72,170,"White",12,12,12,6,7,2,0,0
0,18,"female",64,120,"White",12,12,12,6,4,2,2,2
32620,21,"male",63,165,"White",12,12,12,1,1,1,0,0
39610,40,"female",63,115,"White",12,12,12,2,1,1,3,3
69900,42,"male",66,150,"White",12,12,12,8,2,2,3,3
11650,61,"male",69,196,"White",6,6,6,8,1,2,0,0
0,63,"male",72,230,"White",10,NA,NA,1,4,2,0,0
144460,81,"female",64,140,"White",12,12,12,7,1,2,0,0
58250,53,"male",70,260,"White",12,NA,NA,4,1,2,0,0
51260,33,"female",66,185,"Hispanic",12,12,12,5,2,2,0,0
34950,21,"female",63,130,"White",12,12,12,5,4,1,2,2
62910,91,"male",73,210,"White",12,12,12,3,3,2,3,3
46600,26,"female",63,135,"White",16,16,16,3,5,2,0,0
20970,34,"female",69,160,"White",11,11,11,8,7,2,2,2
0,24,"female",66,120,"White",14,14,14,3,5,2,0,0
39610,30,"male",73,168,"White",12,12,NA,4,5,2,0,0
11650,21,"female",65,119,"White",14,14,14,8,1,2,4,4
34950,21,"male",71,145,"White",12,12,12,1,1,1,4,4
4194,46,"female",68,160,"White",12,12,12,6,1,2,7,7
41940,46,"female",64,145,"White",12,12,12,3,1,2,1,1
58250,42,"female",63,120,"White",18,18,18,8,1,2,0,0
11650,47,"female",66,150,"African American",14,14,14,8,6,2,2,2
46600,41,"male",70,220,"African American",16,16,16,8,5,2,2,2
174750,40,"female",64,115,"White",15,15,15,7,4,2,1,1
8155,40,"female",66,170,"White",12,12,12,6,3,2,0,0
83880,71,"female",61,130,"White",12,NA,12,8,1,2,0,0
69900,25,"male",72,210,"White",12,12,12,5,3,1,3,3
58250,78,"female",65,145,"White",13,13,13,1,7,1,0,0
2330,26,"female",64,200,"White",14,14,14,3,1,2,4,4
139800,66,"male",68,187,"White",12,NA,NA,8,1,2,0,0
11650,73,"female",64,170,"White",12,NA,NA,1,1,2,1,1
81550,76,"male",74,195,"White",13,NA,13,8,1,2,0,0
20970,33,"male",67,160,"White",13,13,13,8,1,1,0,0
81550,84,"male",70,184,"White",9,9,9,7,1,2,0,0
25630,58,"female",66,150,"White",10,10,10,6,1,1,0,0
27960,52,"male",71,180,"White",12,12,12,8,6,2,0,0
69900,43,"male",71,170,"White",12,12,12,7,4,1,0,0
44270,57,"male",71,155,"African American",7,NA,NA,8,1,1,0,0
11650,46,"female",67,215,"White",12,12,NA,2,1,2,0,0
20970,61,"male",74,205,"White",9,NA,NA,1,1,1,0,0
69900,29,"male",75,225,"White",16,16,16,7,2,2,0,0
0,33,"female",62,118,"White",12,12,12,4,1,2,5,5
20970,32,"male",72,150,"White",12,12,12,2,4,2,2,2
34950,30,"female",66,145,"Hispanic",16,16,16,6,5,2,0,0
18640,31,"female",65,135,"African American",12,12,12,8,5,2,3,3
58250,45,"male",70,175,"White",8,NA,NA,8,1,2,7,7
23300,75,"female",66,129,"White",10,10,10,4,1,2,0,0
76890,37,"male",72,160,"White",12,NA,12,8,4,2,1,1
11650,60,"male",70,175,"African American",10,NA,NA,8,7,2,0,0
11650,83,"female",72,185,"African American",5,NA,NA,1,1,2,0,0
34950,65,"female",64,237,"African American",9,NA,NA,8,1,2,0,0
27960,28,"female",60,140,"Hispanic",12,12,12,8,1,2,7,7
41940,37,"female",64,136,"White",15,15,15,3,4,1,2,2
11650,33,"female",61,169,"Hispanic",8,8,8,5,1,2,0,0
34950,59,"female",66,181,"African American",12,12,12,6,1,2,0,0
69900,61,"female",65,193,"White",13,13,13,7,1,2,0,0
29125,32,"female",65,198,"White",12,12,12,5,4,2,3,3
23300,36,"female",62,145,"African American",12,NA,12,1,1,2,0,0
19805,71,"male",68,212,"African American",13,13,13,1,1,2,0,0
34950,36,"female",67,205,"White",13,13,13,1,2,2,0,0
48930,46,"male",73,175,"African American",14,14,14,8,1,2,0,0
0,29,"female",63,122,"White",12,12,12,8,6,2,0,0
48930,77,"female",64,153,"White",12,12,12,2,1,2,0,0
93200,47,"male",70,210,"White",12,12,12,7,2,2,0,0
0,24,"female",66,135,"White",13,13,13,7,6,2,0,0
48930,25,"female",68,160,"White",17,17,17,4,2,2,0,0
0,39,"female",63,123,"White",13,13,13,2,5,2,4,4
11650,52,"female",66,160,"White",12,12,12,4,1,2,0,0
51260,36,"female",71,153,"White",17,17,17,2,1,2,2,2
69900,26,"male",73,155,"White",14,14,14,8,4,2,0,0
0,28,"female",64,185,"White",12,12,12,3,1,1,3,3
286590,58,"female",61,140,"White",14,14,14,8,3,2,0,0
18640,45,"female",63,190,"White",9,NA,9,8,1,2,4,4
0,54,"female",63,140,"White",9,NA,NA,1,1,1,1,1
0,56,"female",62,115,"White",8,8,8,7,1,1,0,0
4660,25,"female",64,145,"White",9,9,NA,3,1,2,0,0
17708,62,"female",67,195,"White",6,NA,6,5,1,2,0,0
0,18,"female",67,145,"White",12,12,12,1,1,2,2,2
11650,69,"female",66,157,"White",8,NA,NA,7,1,2,0,0
34950,22,"male",72,160,"White",14,14,14,7,5,2,2,2
11650,27,"female",66,135,"White",15,15,15,1,1,2,0,0
34950,30,"female",66,135,"African American",12,12,12,5,1,2,0,0
0,45,"female",61,114,"White",18,18,18,3,1,2,0,0
23300,25,"female",63,138,"White",12,12,12,2,1,2,4,4
81550,48,"male",73,244,"White",12,12,12,8,2,2,2,2
34950,26,"female",64,130,"White",12,12,12,1,1,2,7,7
34950,57,"female",66,158,"White",16,16,16,7,5,1,0,0
9320,22,"female",70,155,"White",12,12,12,8,3,1,0,0
37280,24,"male",68,165,"White",8,8,NA,2,6,2,0,0
466,33,"female",67,128,"White",12,12,12,7,1,2,0,0
53590,25,"male",74,195,"White",16,16,16,4,4,2,0,0
37280,27,"female",64,123,"White",16,16,16,8,5,1,2,2
0,27,"female",61,130,"White",12,12,12,2,1,2,1,1
0,52,"female",66,250,"White",12,12,12,1,1,2,0,0
13980,49,"female",60,200,"White",12,12,12,2,1,2,3,3
1398,46,"female",59,125,"White",9,9,9,8,1,2,0,0
0,36,"female",62,160,"African American",16,16,16,5,1,2,1,1
0,61,"female",62,187,"African American",14,14,14,8,1,2,2,2
58250,21,"female",62,124,"African American",12,12,12,7,1,2,7,7
0,25,"female",62,210,"White",12,12,12,1,1,2,0,0
65240,34,"male",75,201,"Asian",16,16,16,8,6,1,0,0
34950,47,"female",66,155,"White",8,NA,NA,6,1,1,NA,NA
9320,66,"female",66,160,"White",8,8,8,4,1,2,2,2
34950,35,"male",64,129,"White",12,12,12,8,1,1,2,2
34950,25,"male",71,172,"White",12,12,12,8,7,2,1,1
58250,36,"female",66,150,"White",18,18,18,5,2,2,0,0
11650,61,"male",70,170,"White",13,13,13,1,1,1,0,0
0,35,"female",61,117,"White",10,NA,NA,2,6,1,2,2
58250,30,"female",63,123,"White",12,12,12,4,5,1,0,0
34950,26,"female",67,117,"White",12,12,12,5,1,2,1,1
34950,49,"female",74,230,"White",12,12,NA,4,1,2,0,0
93200,44,"male",69,180,"White",11,NA,NA,8,7,1,0,0
69900,51,"male",70,255,"White",11,11,11,5,1,2,0,0
11650,29,"female",66,195,"White",12,12,12,8,1,1,7,7
81550,34,"male",74,200,"White",14,14,14,8,7,2,0,0
37280,31,"female",65,200,"White",14,14,14,2,1,2,3,3
11650,36,"female",63,145,"White",12,12,12,3,1,2,7,7
65240,40,"female",64,128,"White",16,16,16,7,7,2,0,0
46600,42,"male",68,206,"White",15,15,15,1,2,2,7,7
48930,30,"male",66,140,"White",13,13,13,8,7,1,7,7
39610,42,"male",69,210,"African American",12,NA,NA,7,4,1,2,2
55920,50,"female",60,115,"White",13,13,13,7,1,1,0,0
58250,75,"female",61,110,"White",12,12,12,8,1,2,0,0
93200,46,"male",75,162,"White",12,12,12,4,7,2,1,1
34950,25,"male",70,220,"White",9,9,9,2,2,2,0,0
0,23,"female",63,145,"Hispanic",9,9,9,8,3,2,7,7
0,20,"male",69,150,"White",13,13,13,6,6,2,0,0
0,63,"female",66,165,"White",16,16,16,7,1,2,0,0
18640,19,"female",64,120,"White",13,13,13,7,5,1,1,1
44270,45,"female",63,175,"Hispanic",15,15,15,1,1,1,0,0
11650,76,"female",64,178,"White",12,NA,12,1,1,2,0,0
23300,36,"female",64,120,"Hispanic",11,NA,NA,8,3,2,2,2
104850,69,"female",67,138,"White",16,16,16,7,6,1,0,0
11650,33,"male",64,145,"African American",17,17,17,8,1,2,0,0
0,21,"male",72,160,"White",14,14,14,7,5,2,0,0
55920,40,"female",63,142,"African American",14,14,14,4,5,2,1,1
11650,19,"female",67,100,"White",14,14,14,4,5,2,1,1
34950,42,"female",63,155,"Hispanic",14,14,14,4,5,2,1,1
76890,34,"male",66,160,"White",16,16,16,7,7,2,0,0
55920,24,"female",65,125,"White",14,14,14,8,1,2,0,0
13980,23,"female",63,135,"White",13,13,13,4,1,2,0,0
209700,55,"female",66,129,"White",14,NA,NA,6,1,2,0,0
0,45,"female",64,190,"White",16,16,16,6,2,2,4,4
132810,47,"female",64,170,"White",18,18,18,7,6,2,0,0
34950,21,"female",68,125,"White",14,14,14,3,2,2,0,0
32154,54,"male",71,195,"White",14,14,14,4,1,1,1,1
69900,37,"male",71,280,"White",18,18,18,4,2,2,1,1
34950,40,"male",72,155,"White",12,12,12,4,3,1,3,3
34950,75,"female",60,115,"White",14,14,14,7,1,2,0,0
72230,29,"male",70,170,"White",12,12,12,8,7,2,1,1
76890,40,"male",74,180,"White",17,17,17,8,7,2,1,1
69900,61,"male",68,175,"White",18,18,18,8,1,2,0,0
27960,38,"male",74,218,"White",12,12,12,2,1,2,0,0
11650,22,"male",75,150,"White",12,12,12,6,1,2,0,0
48930,59,"male",68,171,"White",12,12,12,6,6,2,0,0
104850,59,"male",72,185,"White",12,12,12,8,7,1,0,0
65240,46,"female",63,140,"White",18,18,18,2,4,2,0,0
58250,62,"male",71,225,"White",9,9,9,1,1,2,0,0
27960,31,"male",72,210,"White",12,12,12,3,2,2,2,2
44270,46,"female",64,170,"White",12,12,12,8,2,2,0,0
13980,35,"female",63,200,"White",14,14,14,8,1,2,6,6
12349,60,"female",66,230,"White",13,13,13,1,1,2,0,0
11650,21,"female",66,121,"African American",12,12,12,1,1,2,0,0
34950,28,"female",61,87,"White",13,13,13,1,4,2,7,7
11650,90,"male",60,110,"African American",2,NA,NA,1,1,2,0,0
0,29,"female",62,120,"White",12,12,12,2,2,2,3,3
34950,59,"female",65,145,"White",11,NA,NA,6,1,1,0,0
39610,46,"male",73,215,"White",12,12,12,8,1,2,4,4
10951,78,"female",66,165,"African American",12,NA,12,5,1,2,6,6
11650,75,"female",67,139,"White",12,12,12,8,1,2,0,0
0,18,"female",68,113,"White",12,12,12,1,1,2,0,0
22135,65,"female",62,150,"White",12,12,12,3,1,2,0,0
3961,22,"male",65,150,"White",12,12,12,8,1,2,1,1
0,43,"female",63,130,"White",14,14,14,8,5,2,1,1
12582,31,"female",62,141,"White",12,12,12,6,1,1,1,1
23300,31,"male",68,160,"White",12,12,12,7,2,2,0,0
58250,83,"female",59,99,"White",15,15,15,7,1,2,0,0
0,39,"female",62,180,"White",12,12,12,6,3,2,2,2
11650,38,"male",69,165,"White",13,13,NA,4,2,1,0,0
58250,33,"female",70,135,"White",14,14,14,8,4,1,2,2
34950,82,"male",66,180,"White",8,8,NA,8,1,2,0,0
0,63,"female",64,102,"White",9,9,9,8,1,1,2,2
34950,82,"female",59,120,"White",12,NA,NA,1,1,2,0,0
58250,73,"female",62,100,"White",10,NA,NA,8,1,1,0,0
69900,42,"male",68,190,"White",12,12,12,4,2,2,1,1
81550,43,"female",68,157,"White",16,16,16,7,5,2,2,2
58250,46,"female",63,220,"White",11,NA,NA,4,1,2,7,7
65240,44,"female",63,130,"White",18,18,18,4,2,2,0,0
97860,40,"female",63,100,"White",12,12,12,7,1,1,5,5
104850,58,"male",68,170,"White",12,12,12,8,1,2,0,0
128150,51,"female",64,121,"White",12,12,12,8,7,2,1,1
11650,39,"female",65,128,"White",15,15,15,1,5,2,0,0
144460,55,"male",72,220,"White",17,17,17,6,1,2,2,2
83880,30,"female",70,135,"White",16,16,16,3,2,2,1,1
34950,81,"female",66,140,"White",12,12,12,1,1,2,0,0
58250,31,"male",70,155,"White",10,NA,NA,8,2,1,0,0
44270,28,"male",72,220,"White",12,12,12,6,5,2,0,0
88540,50,"male",69,165,"White",11,11,11,4,2,2,0,0
34950,37,"female",63,120,"White",14,14,14,8,4,2,1,1
10485,85,"female",58,114,"White",5,NA,NA,1,1,2,0,0
223680,27,"female",63,115,"White",14,14,14,3,7,2,0,0
25630,47,"female",63,115,"White",12,12,12,8,1,2,0,0
20970,34,"male",73,312,"White",15,15,15,8,2,2,0,0
11650,24,"female",69,127,"White",14,14,14,7,7,2,0,0
116500,51,"male",70,160,"White",12,12,12,8,1,1,0,0
0,59,"female",66,115,"White",12,NA,12,7,1,2,0,0
11650,56,"female",60,170,"White",15,15,NA,8,1,2,0,0
0,62,"female",66,185,"White",16,16,16,8,1,2,0,0
13980,44,"female",65,185,"White",13,13,13,8,1,2,0,0
233000,22,"male",72,180,"White",13,13,13,6,7,2,7,7
38445,46,"female",62,130,"White",13,13,13,7,1,2,1,1
58250,54,"male",72,200,"White",12,12,12,8,1,2,0,0
0,18,"male",69,185,"White",12,12,12,8,7,2,0,0
34950,32,"female",65,120,"African American",12,12,12,5,6,2,7,7
34950,26,"male",73,134,"African American",14,14,14,2,2,2,0,0
34950,40,"female",66,140,"African American",12,12,12,8,5,2,3,3
74560,40,"male",72,280,"White",14,14,14,7,1,2,0,0
69900,41,"male",73,230,"White",18,18,18,1,1,2,0,0
23300,42,"female",68,150,"White",16,16,16,4,1,2,0,0
34950,62,"female",59,180,"White",12,12,12,1,1,2,0,0
0,35,"female",64,128,"White",12,NA,NA,1,1,1,1,1
34950,19,"female",66,125,"White",12,12,12,8,5,2,0,0
15145,83,"female",60,129,"White",8,8,8,5,1,2,0,0
60580,63,"female",60,124,"White",18,18,18,6,5,2,0,0
39610,59,"female",65,140,"White",12,12,12,8,3,2,0,0
51260,59,"female",63,150,"Asian",18,18,18,8,1,2,0,0
23300,41,"female",64,145,"White",12,12,NA,8,1,2,0,0
116500,58,"male",71,165,"White",14,14,14,8,7,2,0,0
46600,35,"male",67,162,"White",12,12,12,6,1,2,0,0
11650,67,"female",63,145,"White",12,NA,NA,3,1,2,0,0
0,59,"female",67,150,"White",13,13,13,1,7,2,0,0
932,31,"female",63,160,"White",12,12,12,4,5,1,3,3
69900,67,"male",72,160,"White",12,NA,NA,7,1,1,0,0
37280,59,"female",65,125,"White",14,14,14,5,1,2,1,1
144460,43,"female",66,112,"White",14,14,14,6,2,2,1,1
23300,66,"female",66,160,"White",12,NA,NA,3,1,2,0,0
32620,58,"female",63,115,"White",13,13,13,4,6,2,0,0
11650,20,"female",65,112,"White",15,15,15,3,2,2,5,5
93200,34,"male",74,210,"White",16,16,16,5,4,2,0,0
11650,55,"female",67,170,"White",13,13,13,8,1,1,2,2
58250,47,"female",68,185,"White",17,17,17,1,1,1,0,0
27960,51,"female",65,150,"White",12,12,12,2,1,2,1,1
135140,34,"female",64,137,"White",16,16,16,4,7,2,5,5
41940,26,"female",68,128,"White",16,16,16,4,2,2,1,1
2330,18,"male",65,147,"White",12,12,12,7,5,2,0,0
48930,47,"male",72,265,"White",17,17,17,6,7,2,1,1
25630,62,"male",66,158,"African American",12,12,12,6,4,1,0,0
34950,77,"male",69,220,"White",7,7,7,6,1,2,0,0
30290,36,"female",64,130,"White",12,12,12,3,1,2,4,4
0,53,"female",64,140,"White",12,12,12,8,1,1,0,0
46600,88,"female",60,110,"Asian",16,16,16,6,1,2,0,0
58250,35,"male",72,220,"African American",12,12,12,5,7,1,1,1
11650,74,"male",70,205,"Hispanic",8,8,8,7,1,1,0,0
1398,43,"female",64,130,"White",12,12,12,5,1,2,0,0
58250,26,"male",67,190,"African American",14,14,14,2,4,2,1,1
34950,91,"male",69,178,"White",12,NA,12,8,1,1,1,1
83880,28,"male",68,140,"White",12,12,12,2,2,1,0,0
34950,33,"female",64,175,"Asian",13,NA,13,1,1,2,0,0
81550,36,"female",64,142,"White",14,14,14,8,5,2,3,3
8155,51,"female",66,185,"White",12,12,12,8,1,2,0,0
44282,34,"female",65,120,"White",16,16,16,1,7,1,1,1
144460,54,"male",70,170,"White",14,14,14,1,6,2,0,0
144460,35,"male",69,195,"White",16,16,16,7,1,2,0,0
58250,42,"male",70,135,"White",12,12,12,8,2,2,1,1
116500,52,"male",66,180,"White",12,NA,NA,8,1,2,0,0
0,28,"female",64,180,"White",12,12,12,1,1,1,1,1
0,26,"female",66,160,"White",13,13,13,5,1,2,0,0
93200,61,"male",66,140,"White",12,12,12,8,6,1,0,0
60580,26,"male",74,190,"White",18,18,18,2,4,2,1,1
11650,72,"female",66,132,"White",12,NA,12,8,1,2,0,0
51260,48,"female",62,120,"White",12,12,12,2,2,1,0,0
48930,39,"female",66,164,"White",17,17,17,8,1,2,1,1
14232,65,"female",62,198,"White",12,12,12,1,1,2,0,0
69900,64,"female",65,145,"African American",18,18,18,8,4,1,3,3
34950,68,"female",66,165,"White",11,NA,11,8,1,2,3,3
34950,79,"female",64,160,"White",12,12,12,2,2,2,0,0
13980,78,"female",63,129,"White",12,12,12,1,1,2,0,0
34950,75,"female",66,150,"White",8,NA,NA,6,1,2,0,0
62910,29,"male",71,173,"White",16,16,16,7,1,2,2,2
11650,26,"female",64,150,"Hispanic",10,10,NA,2,1,2,0,0
9320,42,"female",66,160,"White",16,16,16,7,1,2,7,7
10289,72,"female",62,165,"Asian",6,NA,NA,5,1,2,2,2
11650,39,"female",66,144,"White",12,12,12,3,1,1,0,0
11650,62,"female",64,225,"African American",9,NA,NA,3,1,1,7,7
69900,33,"female",67,NA,"White",16,16,16,8,1,1,0,0
0,76,"female",62,130,"White",12,12,12,8,6,2,0,0
11650,87,"female",63,125,"White",10,NA,NA,8,1,2,0,0
0,75,"female",65,153,"White",9,9,9,1,1,2,0,0
104850,40,"male",67,175,"White",18,18,18,1,7,2,0,0
41940,45,"female",61,130,"White",14,14,14,5,1,2,3,3
13980,22,"female",66,125,"White",15,15,15,8,6,2,0,0
0,49,"female",61,155,"White",12,12,NA,7,1,2,1,1
32620,24,"male",72,200,"White",12,12,12,4,4,2,0,0
81550,24,"female",69,125,"White",14,14,14,1,1,2,7,7
34950,29,"female",64,120,"White",16,16,16,8,6,1,0,0
27960,29,"female",63,126,"African American",12,12,12,6,3,2,2,2
2330,47,"female",60,175,"White",12,NA,NA,5,7,2,7,7
74560,33,"male",70,195,"African American",15,15,15,2,2,2,1,1
34950,25,"female",66,155,"White",15,15,15,8,3,1,0,0
144460,36,"male",69,210,"White",17,17,17,8,7,2,4,4
11650,20,"male",72,140,"White",12,12,12,5,6,2,0,0
3495,19,"male",73,185,"White",12,12,12,8,6,2,1,1
69900,18,"female",64,130,"White",12,12,12,8,6,2,0,0
11650,19,"female",66,138,"White",13,13,13,8,1,1,0,0
6990,23,"female",65,150,"African American",16,16,16,3,1,2,0,0
81550,42,"male",71,165,"White",15,15,15,8,2,2,0,0
81550,42,"female",64,135,"White",12,12,12,7,5,2,7,7
0,45,"female",63,114,"White",12,12,12,4,4,2,0,0
0,29,"female",63,132,"White",16,16,16,7,6,2,7,7
163100,48,"male",72,175,"White",15,15,15,4,1,1,0,0
48930,28,"female",67,140,"White",16,16,16,4,7,2,4,4
116500,18,"male",69,145,"White",11,11,11,2,5,2,1,1
34950,21,"male",71,175,"White",9,9,9,8,7,1,3,3
0,18,"male",68,132,"Hispanic",10,NA,NA,2,2,1,5,5
34950,30,"female",64,140,"White",12,NA,NA,1,1,1,0,0
0,20,"male",73,172,"African American",12,12,12,5,7,2,2,2
11650,63,"female",62,142,"African American",9,NA,NA,8,1,2,7,7
20970,35,"female",66,150,"African American",8,8,8,2,1,2,0,0
58250,37,"male",68,190,"White",12,12,12,1,1,1,0,0
34950,63,"female",64,185,"African American",14,14,14,6,1,2,0,0
23300,25,"female",63,140,"African American",14,14,14,8,5,2,1,1
0,60,"female",65,125,"White",12,12,12,6,1,1,1,1
11650,43,"female",66,140,"African American",18,18,18,6,6,2,1,1
202710,81,"male",64,126,"White",12,12,12,8,1,2,1,1
69900,47,"male",71,175,"White",12,12,12,4,1,2,0,0
37280,21,"male",72,185,"White",14,NA,14,5,7,2,0,0
46600,51,"male",68,135,"White",12,12,12,8,2,1,0,0
0,45,"female",64,142,"White",12,12,12,2,1,2,0,0
233000,54,"male",72,185,"White",17,17,17,5,1,2,0,0
144460,69,"male",72,240,"White",12,12,12,6,1,2,1,1
23300,43,"female",66,133,"White",12,12,12,6,1,2,0,0
144460,35,"female",72,147,"White",18,18,18,1,1,2,0,0
81550,63,"male",66,200,"White",14,14,14,7,2,2,0,0
16310,31,"female",65,135,"White",16,16,16,8,4,2,2,2
0,62,"female",65,230,"White",12,12,12,1,1,2,1,1
0,52,"female",66,165,"White",12,12,12,1,1,2,0,0
0,38,"female",65,230,"White",11,11,NA,2,4,2,7,7
18640,27,"male",71,180,"African American",14,14,NA,1,6,2,0,0
25630,50,"male",74,270,"White",10,10,10,5,1,1,0,0
58250,47,"male",70,217,"White",9,9,NA,8,7,2,1,1
58250,45,"female",64,130,"White",14,14,14,4,1,1,0,0
69900,48,"male",69,175,"White",14,14,14,1,1,2,1,1
34950,29,"female",63,120,"White",12,12,12,1,1,2,7,7
0,26,"male",66,130,"White",12,12,12,6,5,2,3,3
111840,34,"female",63,105,"White",18,18,18,4,7,1,0,0
39610,46,"female",68,145,"White",12,12,NA,2,1,2,0,0
34950,69,"male",66,180,"White",12,NA,NA,4,1,2,0,0
58250,64,"male",78,200,"White",12,NA,NA,4,2,1,0,0
0,70,"female",71,111,"White",8,NA,NA,8,1,2,0,0
60580,24,"male",73,167,"White",16,16,16,8,7,2,0,0
58250,32,"male",69,165,"White",12,12,12,8,1,2,0,0
23300,61,"female",63,185,"White",12,12,12,7,2,2,1,1
58250,50,"female",62,130,"White",18,18,18,6,1,1,0,0
0,57,"female",65,125,"White",11,11,11,7,1,2,0,0
139800,53,"male",71,180,"White",18,18,18,8,5,2,0,0
51260,29,"female",65,115,"White",18,18,18,7,5,2,0,0
11650,20,"female",62,129,"White",12,12,12,5,6,2,0,0
34950,77,"male",70,180,"White",12,12,12,8,1,2,1,1
11650,64,"female",64,145,"White",12,12,12,3,7,2,0,0
34950,44,"male",72,215,"White",16,16,16,8,1,1,7,7
14446,83,"female",64,145,"White",13,13,13,5,1,2,0,0
55920,32,"female",65,132,"White",16,16,16,2,2,1,7,7
46600,40,"male",71,143,"White",14,14,14,8,7,2,2,2
16310,30,"female",70,150,"White",14,14,14,6,1,2,0,0
0,19,"male",73,155,"African American",12,12,12,1,6,2,1,1
11650,29,"female",67,115,"White",15,15,15,4,1,2,1,1
34950,60,"female",62,121,"White",12,NA,NA,7,6,1,0,0
69900,48,"female",68,275,"African American",16,16,16,8,1,2,3,3
53590,28,"female",66,130,"White",18,18,18,8,7,2,3,3
46600,40,"female",64,130,"White",12,12,12,2,1,2,0,0
6990,29,"female",66,170,"White",16,16,16,8,6,2,1,1
0,31,"female",63,135,"White",12,12,12,4,7,2,5,5
69900,41,"male",70,140,"White",16,16,16,2,4,2,0,0
27960,23,"female",64,130,"White",14,14,14,8,5,2,1,1
81550,73,"female",66,150,"White",5,NA,NA,1,1,2,7,7
0,41,"female",66,126,"White",7,7,7,8,1,2,4,4
0,37,"female",63,140,"White",10,NA,NA,2,1,1,4,4
93200,38,"male",71,190,"White",12,12,12,8,4,2,0,0
34950,23,"female",64,150,"White",14,14,14,4,1,2,5,5
83880,45,"female",63,153,"White",16,16,NA,4,1,2,7,7
23300,53,"female",66,145,"White",12,12,12,1,1,1,0,0
0,65,"female",63,225,"White",11,NA,NA,4,1,2,0,0
30290,48,"female",68,120,"White",14,14,14,7,1,2,0,0
0,59,"female",65,265,"White",12,12,NA,1,1,1,7,7
0,41,"female",61,120,"White",14,14,14,6,5,2,2,2
23300,27,"female",62,128,"African American",12,12,NA,2,1,2,6,6
69900,37,"male",69,175,"Hispanic",12,12,12,4,4,2,0,0
11650,18,"male",69,170,"White",11,11,11,5,5,2,1,1
58250,33,"female",65,140,"White",12,12,12,3,5,2,2,2
53590,32,"male",64,150,"White",13,13,13,8,1,1,0,0
46600,68,"male",70,180,"White",17,17,17,8,4,2,0,0
44270,82,"female",65,130,"White",13,13,13,2,1,2,1,1
144460,60,"female",68,149,"White",16,16,16,6,7,2,1,1
46600,66,"male",61,132,"African American",11,11,11,7,7,2,0,0
65240,63,"male",64,180,"African American",14,14,14,5,7,2,0,0
30290,80,"female",65,119,"White",10,10,NA,8,1,2,7,7
27960,75,"male",64,185,"White",12,12,12,8,1,2,0,0
58250,36,"female",63,135,"White",18,18,18,1,1,2,6,6
46600,23,"male",69,140,"White",11,11,11,8,1,2,0,0
34950,62,"female",66,185,"White",14,14,14,8,1,2,0,0
34950,78,"female",61,123,"White",8,8,8,4,1,2,0,0
58250,30,"male",74,190,"White",12,12,12,8,5,1,0,0
58250,52,"female",68,165,"White",13,13,13,5,6,2,0,0
0,34,"female",68,155,"White",12,12,12,2,7,2,1,1
0,41,"female",65,205,"White",14,14,14,4,1,2,2,2
41940,40,"female",67,132,"White",16,16,16,7,5,2,7,7
0,18,"female",65,115,"White",12,12,12,8,7,1,7,7
0,46,"female",64,120,"White",18,18,18,4,1,2,0,0
13980,68,"female",62,170,"White",10,10,10,4,1,2,1,1
37280,23,"male",72,160,"White",13,13,13,8,6,2,7,7
104850,38,"male",73,175,"White",16,16,16,4,1,1,0,0
34950,30,"female",60,115,"White",12,12,12,5,7,2,2,2
58250,69,"male",70,172,"White",14,14,14,6,1,2,1,1
27960,38,"female",64,145,"White",14,14,14,5,2,2,5,5
4660,18,"female",68,160,"White",12,12,12,2,5,2,0,0
23300,18,"female",63,110,"White",12,12,12,4,6,2,0,0
32620,36,"male",71,185,"White",12,12,12,8,1,2,7,7
34950,31,"female",64,200,"White",12,12,12,8,1,2,0,0
0,37,"female",67,200,"White",11,11,11,8,7,2,0,0
23300,39,"female",60,140,"White",12,NA,12,2,1,2,0,0
11650,70,"female",64,180,"White",10,NA,NA,1,1,2,0,0
2796,64,"female",66,157,"White",4,NA,4,3,1,1,4,4
58250,74,"female",64,155,"White",12,NA,NA,8,1,2,0,0
34950,62,"female",59,113,"White",14,14,14,1,2,2,0,0
23300,64,"female",63,150,"White",13,13,13,8,1,2,1,1
4660,18,"male",66,140,"White",12,12,12,8,7,2,7,7
0,35,"female",66,125,"White",12,12,12,3,2,1,7,7
9320,33,"female",65,NA,"White",13,13,13,3,1,1,2,2
11650,58,"male",70,140,"White",8,NA,NA,8,1,1,0,0
23300,32,"female",64,145,"White",14,14,14,3,2,2,3,3
11650,22,"female",61,NA,"White",13,13,13,8,3,1,1,1
34950,28,"female",66,123,"White",12,NA,NA,6,1,1,0,0
11650,22,"female",61,96,"Hispanic",16,16,16,7,6,2,0,0
3495,23,"female",66,108,"White",12,12,12,8,1,2,1,1
41940,26,"male",66,145,"Hispanic",17,17,17,8,7,2,0,0
9320,24,"male",73,175,"White",15,15,15,5,5,2,0,0
65240,26,"male",72,150,"White",16,16,16,7,5,2,0,0
23300,22,"female",74,180,"White",14,14,14,8,6,2,0,0
6990,22,"female",65,118,"White",16,16,16,8,5,2,1,1
0,31,"female",64,110,"White",14,14,NA,5,5,2,3,3
58250,68,"female",62,125,"White",18,18,18,8,1,2,1,1
27960,21,"male",71,240,"White",12,12,12,3,3,2,1,1
34950,77,"female",62,147,"White",12,12,12,2,1,2,0,0
44270,45,"female",68,158,"White",13,13,13,8,1,1,0,0
0,33,"female",61,235,"White",12,12,12,2,1,1,2,2
83880,39,"male",70,184,"White",16,16,16,2,1,1,1,1
16310,59,"female",64,180,"White",16,16,16,5,6,2,0,0
81550,34,"female",59,85,"White",11,11,11,8,4,1,0,0
93200,43,"male",68,168,"White",18,18,18,7,1,2,0,0
34950,25,"male",68,130,"White",14,14,14,3,1,1,0,0
18640,43,"female",69,130,"White",13,13,13,2,1,1,0,0
58250,55,"female",69,190,"White",14,14,14,8,1,2,0,0
46600,23,"male",72,185,"White",12,12,12,1,7,2,0,0
65240,38,"male",75,214,"White",18,18,18,7,6,2,0,0
51260,35,"male",69,180,"White",14,14,14,1,4,2,7,7
34950,31,"male",71,150,"White",14,14,14,1,5,2,0,0
50095,24,"male",72,210,"African American",13,13,13,7,7,2,7,7
6990,23,"female",68,160,"White",12,12,12,8,2,1,4,4
58250,22,"female",64,110,"Asian",12,12,NA,8,1,2,2,2
53590,28,"male",72,190,"White",13,13,NA,7,4,2,7,7
34950,41,"female",66,165,"White",18,18,18,8,4,2,0,0
41940,73,"male",72,197,"White",12,12,12,8,1,2,0,0
11650,20,"male",67,128,"Hispanic",8,NA,8,8,7,1,0,0
46600,71,"male",67,156,"White",16,16,16,8,5,2,0,0
144460,59,"female",66,150,"White",14,14,14,8,1,2,1,1
144460,72,"male",72,164,"White",14,14,14,7,7,2,0,0
11650,69,"female",64,120,"White",13,13,NA,8,1,2,0,0
37280,46,"female",63,110,"Hispanic",12,12,12,7,1,2,7,7
34950,26,"male",69,181,"White",12,12,12,7,4,1,3,3
123490,32,"female",63,118,"Hispanic",17,17,17,4,6,1,0,0
34950,56,"male",70,200,"Hispanic",17,17,17,8,1,2,0,0
60580,27,"male",72,162,"White",12,NA,12,1,7,2,7,7
46600,33,"female",70,145,"White",12,12,12,3,3,1,0,0
9320,28,"female",65,110,"Asian",12,12,12,7,6,1,1,1
23300,59,"male",73,200,"White",16,16,16,8,7,2,1,1
58250,33,"male",75,220,"White",12,12,12,8,3,1,0,0
100190,51,"male",69,230,"White",12,12,12,2,1,2,0,0
39610,33,"male",69,180,"Asian",14,14,14,4,4,1,0,0
9320,38,"female",61,230,"Hispanic",12,12,12,5,5,2,3,3
202710,55,"male",71,185,"White",18,18,18,4,4,2,0,0
69900,23,"male",72,175,"Hispanic",13,13,13,8,7,2,5,5
58250,32,"female",65,135,"White",16,16,16,6,5,2,7,7
116500,48,"male",73,195,"White",15,15,15,8,2,2,7,7
58250,56,"female",64,123,"White",18,18,18,8,5,1,0,0
128150,51,"female",67,137,"White",18,18,18,8,7,2,3,3
65240,41,"female",63,145,"White",16,16,16,4,5,2,5,5
0,48,"female",66,160,"White",12,12,12,8,4,2,0,0
34950,69,"male",72,150,"White",7,NA,NA,8,1,1,0,0
11650,32,"female",64,135,"White",12,12,12,1,4,2,0,0
11650,48,"female",62,200,"White",14,14,14,1,1,2,2,2
41940,49,"female",65,130,"White",13,13,13,5,1,2,1,1
48930,62,"male",72,175,"Hispanic",15,NA,NA,8,7,2,0,0
34950,44,"female",59,180,"Hispanic",9,NA,9,6,2,1,4,4
27960,33,"female",67,115,"White",12,12,NA,8,1,1,1,1
76890,62,"female",65,164,"Hispanic",16,16,16,1,1,2,0,0
34950,81,"female",64,140,"White",16,NA,NA,1,1,2,0,0
116500,64,"male",72,175,"Hispanic",13,13,13,8,1,1,2,2
13980,74,"female",65,231,"Hispanic",9,9,NA,4,1,2,0,0
37280,59,"female",64,140,"White",14,14,14,5,6,2,2,2
81550,50,"male",68,150,"White",12,12,12,4,6,1,2,2
58250,43,"female",68,260,"White",12,12,NA,8,1,2,7,7
81550,41,"female",66,155,"White",17,17,17,8,2,2,1,1
46600,26,"male",76,210,"White",14,NA,14,8,5,2,0,0
41940,36,"female",63,118,"White",12,12,12,7,5,2,3,3
79220,78,"male",74,225,"White",14,14,14,3,6,2,0,0
58250,25,"male",68,155,"White",16,16,16,7,7,2,0,0
34950,65,"female",61,110,"White",14,14,14,1,5,1,0,0
46600,54,"female",64,140,"White",16,16,16,2,1,1,0,0
46600,77,"male",72,200,"White",17,17,17,8,1,2,0,0
76890,69,"male",68,170,"White",12,12,12,7,7,2,0,0
46600,66,"male",71,150,"White",12,NA,NA,4,1,2,0,0
34950,76,"female",63,126,"White",12,12,12,8,1,2,0,0
9320,73,"female",65,158,"White",12,12,12,7,7,2,0,0
46600,77,"female",60,130,"White",8,NA,NA,2,1,2,0,0
93200,33,"male",72,200,"White",16,16,NA,3,2,1,0,0
32620,40,"female",64,132,"White",14,14,14,7,4,1,3,3
27960,48,"female",68,170,"White",12,12,12,1,1,1,0,0
58250,31,"female",61,105,"White",12,12,12,1,2,2,0,0
23300,60,"female",63,136,"White",17,NA,NA,2,1,2,0,0
163100,72,"female",67,138,"White",10,NA,NA,8,1,1,0,0
88540,55,"female",67,140,"White",17,17,17,5,5,2,7,7
32620,28,"female",63,125,"White",12,12,12,5,7,2,5,5
144460,76,"male",71,164,"White",18,NA,NA,8,4,2,0,0
0,33,"female",63,108,"White",15,15,15,4,3,2,2,2
34950,37,"female",60,100,"White",13,13,13,1,7,2,0,0
39610,31,"male",74,215,"White",16,16,16,3,1,2,0,0
58250,24,"female",66,125,"White",15,15,15,7,6,2,0,0
139800,66,"male",69,158,"White",14,14,14,8,2,2,0,0
34950,69,"female",67,180,"White",15,NA,15,6,1,2,2,2
58250,86,"male",65,145,"White",16,16,16,8,1,2,0,0
41940,63,"male",62,131,"Hispanic",12,12,12,8,1,2,0,0
0,55,"male",65,145,"White",12,12,12,1,1,2,0,0
104850,54,"female",64,140,"White",17,17,17,7,4,2,0,0
163100,47,"male",72,175,"White",18,18,18,7,4,1,0,0
0,49,"female",66,NA,"Hispanic",11,11,11,7,1,2,4,4
69900,59,"female",65,130,"White",18,NA,18,8,1,NA,0,0
233000,72,"female",67,167,"White",15,15,15,1,1,2,0,0
18640,51,"female",62,145,"White",12,12,12,1,1,2,0,0
69900,34,"male",71,185,"White",16,16,16,4,6,2,0,0
0,26,"female",62,115,"White",11,11,11,6,1,1,7,7
62910,32,"male",71,192,"White",14,14,14,5,1,1,0,0
109510,43,"male",70,270,"White",18,18,18,8,7,2,1,1
27960,22,"male",67,135,"Hispanic",12,12,12,7,7,2,0,0
81550,70,"male",72,190,"White",16,16,16,4,2,1,0,0
55920,34,"female",62,130,"White",17,17,17,5,1,2,1,1
30290,35,"female",63,165,"Hispanic",12,12,12,7,1,2,0,0
186400,37,"female",61,102,"White",14,14,14,4,3,1,2,2
11650,18,"male",72,130,"White",12,12,12,7,5,2,3,3
0,28,"female",65,110,"White",12,12,12,8,6,2,7,7
58250,60,"female",63,153,"White",10,10,10,8,6,1,0,0
65240,44,"male",66,240,"White",12,12,NA,4,3,2,2,2
18640,20,"female",64,125,"White",15,15,15,8,6,2,0,0
23300,51,"female",66,110,"White",13,13,13,8,6,1,1,1
20970,41,"female",68,155,"White",14,14,14,1,3,2,0,0
46600,37,"female",60,150,"White",12,12,12,8,1,2,0,0
27960,71,"male",65,200,"White",12,NA,NA,5,1,2,0,0
34950,66,"female",65,130,"White",14,14,14,6,1,2,0,0
46600,36,"female",61,110,"White",14,14,14,8,7,1,7,7
34950,55,"female",68,200,"White",16,16,16,5,2,2,0,0
65240,36,"female",64,134,"White",14,14,14,7,6,2,7,7
617,21,"female",66,140,"White",15,15,15,4,3,2,0,0
81550,74,"male",69,157,"White",14,14,14,7,1,2,0,0
58250,30,"female",67,NA,"White",12,12,12,5,5,2,0,0
60580,32,"female",66,165,"Hispanic",14,14,14,7,1,2,2,2
62910,34,"female",67,118,"White",17,17,17,4,1,2,4,4
32620,30,"female",68,180,"White",12,12,12,2,2,2,7,7
74560,33,"male",66,140,"White",16,16,16,2,3,1,2,2
23300,32,"female",69,112,"White",14,14,14,6,1,1,1,1
34950,26,"male",72,135,"White",12,12,12,6,1,2,0,0
16310,30,"male",69,190,"White",16,16,16,7,5,2,0,0
65240,46,"male",71,182,"White",17,17,17,3,4,1,0,0
139800,54,"male",74,250,"White",13,13,13,2,1,2,5,5
58250,69,"female",60,130,"White",14,14,14,8,1,2,0,0
27960,62,"male",69,170,"White",4,4,4,6,1,2,0,0
0,63,"female",65,NA,"White",13,13,13,8,1,1,1,1
0,46,"female",65,NA,"White",12,12,12,4,2,2,0,0
34950,75,"female",75,200,"White",13,13,13,5,1,2,0,0
93200,69,"female",65,125,"White",14,14,14,7,1,2,0,0
58250,75,"female",63,110,"White",16,16,16,6,1,2,0,0
34950,81,"male",72,135,"White",6,NA,NA,7,1,2,0,0
81550,36,"female",60,112,"White",12,12,12,1,7,1,7,7
34950,63,"male",72,225,"White",11,NA,NA,4,1,1,1,1
60580,32,"female",64,120,"White",15,15,15,3,2,2,3,3
0,43,"female",59,100,"African American",12,12,12,1,1,1,0,0
0,20,"male",71,170,"Asian",12,12,12,7,7,2,0,0
60580,25,"male",72,165,"Hispanic",16,16,16,8,7,2,0,0
43618,36,"female",63,108,"African American",10,10,NA,8,1,1,7,7
0,22,"female",68,155,"African American",12,12,12,8,6,2,7,7
11650,59,"female",62,148,"Asian",11,NA,NA,8,1,2,0,0
27960,73,"female",64,152,"African American",12,NA,NA,2,1,2,0,0
186400,39,"male",70,210,"White",17,17,17,8,3,2,0,0
111840,39,"female",66,120,"White",13,13,13,8,6,2,0,0
11650,25,"female",63,125,"White",18,18,18,7,6,2,0,0
41940,27,"male",62,135,"Asian",16,16,16,8,1,2,2,2
198050,65,"male",70,150,"White",15,15,15,8,1,2,0,0
81550,47,"female",64,175,"African American",12,12,12,1,5,1,2,2
11650,22,"male",69,150,"White",16,16,16,8,6,2,0,0
20970,22,"female",64,140,"Hispanic",13,13,13,2,4,2,0,0
69900,27,"female",67,125,"White",16,16,16,8,6,2,3,3
186400,58,"male",72,250,"White",14,14,14,8,1,1,0,0
81550,32,"female",65,124,"White",16,16,16,1,7,2,4,4
27960,34,"female",63,210,"White",14,14,14,4,1,1,1,1
466000,34,"male",70,190,"White",18,18,18,6,5,2,7,7
9320,45,"female",64,128,"White",16,16,16,6,7,2,0,0
4660,18,"male",68,165,"White",12,12,12,1,7,2,1,1
55920,69,"female",66,190,"White",18,18,18,3,1,1,0,0
4660,23,"male",66,165,"Hispanic",15,15,15,8,5,2,0,0
34950,30,"male",70,185,"White",17,17,17,8,4,2,0,0
34950,65,"male",70,225,"White",12,12,12,8,1,2,0,0
13980,65,"female",62,150,"White",12,12,12,1,1,2,0,0
11650,75,"male",66,150,"White",12,12,NA,8,1,2,0,0
3495,21,"female",66,130,"Hispanic",12,NA,12,5,7,2,7,7
65240,48,"female",64,130,"White",18,18,18,5,2,2,0,0
20970,35,"female",70,150,"White",12,12,12,8,3,2,0,0
139800,52,"male",74,175,"White",14,14,14,7,6,2,0,0
2796,19,"male",66,150,"White",12,12,12,4,1,2,0,0
3262,64,"female",62,185,"Hispanic",3,3,3,1,1,2,0,0
34950,26,"female",68,160,"White",16,16,NA,8,7,1,0,0
16310,43,"female",66,180,"White",13,13,13,1,1,2,0,0
58250,72,"male",70,190,"White",12,NA,NA,7,1,2,1,1
48930,31,"female",62,130,"White",12,12,12,1,2,2,7,7
102520,58,"male",69,107,"White",12,12,12,1,6,2,0,0
67570,36,"male",68,164,"African American",16,16,16,8,7,2,0,0
6990,18,"male",72,165,"Hispanic",14,14,14,8,1,2,4,4
27960,22,"male",64,140,"African American",13,13,13,2,7,2,0,0
0,19,"female",64,110,"Hispanic",16,16,16,1,1,2,7,7
0,39,"female",60,200,"Hispanic",9,9,9,1,1,2,0,0
46600,28,"male",72,195,"Hispanic",12,12,12,8,4,2,0,0
2796,73,"female",62,146,"African American",5,NA,NA,8,4,2,0,0
58250,30,"female",64,104,"White",12,12,12,7,1,1,1,1
86210,25,"male",74,215,"White",16,16,16,2,7,2,3,3
18640,60,"male",66,150,"Asian",10,NA,NA,7,1,2,3,3
81550,30,"male",68,135,"Hispanic",16,16,16,8,4,2,3,3
58250,23,"male",67,145,"Hispanic",14,14,14,7,7,2,0,0
58250,37,"male",62,110,"Asian",14,14,14,6,3,2,0,0
41940,29,"female",71,160,"White",10,10,10,5,7,2,7,7
69900,36,"female",63,130,"African American",16,16,16,8,2,2,4,4
11650,27,"male",66,133,"Asian",14,14,14,8,7,2,3,3
46600,69,"male",69,165,"White",18,18,18,8,6,2,0,0
27960,40,"male",71,160,"Hispanic",6,6,6,1,2,2,0,0
0,65,"female",64,180,"Hispanic",12,NA,NA,1,7,2,0,0
23300,68,"female",66,125,"White",12,12,12,6,1,2,0,0
41940,48,"male",72,195,"White",14,NA,NA,8,1,2,2,2
0,59,"female",62,115,"Hispanic",15,15,15,8,1,2,0,0
34950,20,"female",65,130,"Hispanic",12,12,12,7,7,2,7,7
46600,26,"male",72,181,"African American",12,NA,NA,1,1,2,0,0
72230,43,"female",68,150,"White",16,16,16,8,7,2,1,1
58250,56,"male",70,160,"African American",12,NA,NA,4,2,2,0,0
13980,36,"male",64,150,"Hispanic",10,10,10,1,6,1,0,0
0,38,"female",64,140,"White",12,12,12,8,7,2,0,0
81550,70,"male",68,182,"African American",12,12,12,1,1,1,2,2
27960,40,"male",70,150,"White",13,13,13,1,1,2,0,0
30290,33,"female",66,155,"White",16,16,16,3,5,2,0,0
60580,34,"female",67,210,"White",17,17,17,2,1,2,0,0
34950,31,"female",68,130,"African American",11,11,11,2,2,1,7,7
69900,28,"female",64,140,"White",17,17,17,4,6,2,0,0
4660,41,"female",65,122,"White",14,14,14,8,7,2,0,0
11650,22,"male",70,150,"Asian",13,13,13,4,2,2,3,3
123490,26,"female",71,150,"White",14,14,14,1,1,1,1,1
0,36,"female",64,127,"White",12,12,12,8,7,2,3,3
4660,18,"female",62,102,"White",13,13,13,1,1,2,7,7
58250,29,"male",71,155,"White",17,17,17,2,7,2,1,1
11650,18,"male",74,185,"White",12,12,12,8,7,1,0,0
48930,27,"female",64,105,"White",13,13,13,4,1,2,1,1
34950,19,"female",64,NA,"White",14,14,14,8,1,2,0,0
39610,27,"female",70,130,"White",15,15,15,7,6,2,1,1
11650,22,"male",73,155,"White",16,16,16,7,7,2,0,0
27960,37,"female",64,135,"White",13,13,13,5,2,1,2,2
97860,44,"male",70,230,"Hispanic",14,14,14,4,1,2,0,0
48930,33,"male",74,205,"White",12,12,12,1,7,2,4,4
13980,65,"female",63,170,"Hispanic",12,12,12,8,1,1,0,0
0,46,"female",59,107,"Hispanic",12,12,12,2,1,1,5,5
58250,24,"male",74,190,"White",14,14,14,1,5,2,0,0
6990,19,"female",66,119,"White",14,14,14,6,3,2,0,0
8388,67,"female",65,150,"White",15,NA,15,7,1,2,0,0
9320,19,"male",71,155,"White",12,12,12,8,7,2,4,4
46600,58,"male",69,160,"White",14,NA,14,8,5,2,0,0
104850,38,"male",72,160,"White",18,18,18,1,4,2,0,0
318045,51,"male",70,165,"White",16,16,16,6,4,2,0,0
121160,50,"male",60,220,"White",15,15,15,4,2,2,0,0
139800,43,"female",64,130,"White",12,12,12,4,2,2,1,1
34950,41,"female",64,122,"White",13,NA,NA,5,4,2,7,7
209700,50,"male",72,190,"White",16,16,16,8,7,2,0,0
81550,38,"female",63,160,"White",12,NA,NA,8,1,2,2,2
58250,19,"male",72,156,"Hispanic",13,13,13,1,6,1,3,3
34950,76,"male",66,185,"White",12,12,12,1,1,2,1,1
60580,65,"female",61,180,"White",14,14,14,7,1,2,2,2
0,32,"female",62,150,"Hispanic",13,NA,NA,5,1,1,7,7
4660,21,"male",69,140,"White",12,12,12,8,7,2,0,0
37280,61,"female",67,145,"White",12,NA,12,8,1,2,0,0
55920,27,"female",65,130,"Hispanic",11,NA,NA,1,1,2,4,4
34950,28,"male",68,172,"Hispanic",16,16,16,4,5,2,0,0
97860,43,"male",74,170,"White",17,17,17,8,3,2,0,0
0,48,"female",63,150,"White",15,15,15,8,7,1,0,0
23300,43,"female",65,135,"White",12,12,12,1,5,1,7,7
39610,36,"male",71,220,"Hispanic",13,13,13,7,6,2,0,0
69900,34,"female",64,NA,"White",14,14,14,3,2,2,7,7
0,22,"female",65,120,"White",16,16,16,5,3,2,2,2
74560,37,"female",69,160,"White",17,17,17,2,1,2,0,0
83880,34,"female",64,135,"Hispanic",17,17,17,2,7,2,0,0
23300,20,"male",72,190,"Hispanic",13,13,13,8,7,2,0,0
46600,29,"female",63,130,"White",15,15,15,8,5,2,5,5
55920,29,"female",65,110,"White",12,12,12,7,2,2,1,1
39610,32,"male",72,180,"White",12,12,12,8,1,1,2,2
53590,48,"female",65,137,"White",14,14,14,5,3,2,0,0
58250,33,"female",64,125,"White",12,12,NA,4,2,2,2,2
116500,50,"male",71,200,"White",12,12,12,4,2,2,0,0
0,39,"female",63,145,"White",14,14,14,8,7,2,2,2
46600,30,"female",62,120,"White",12,12,12,1,2,2,7,7
69900,33,"female",66,145,"White",16,16,16,2,7,2,0,0
16310,39,"female",64,190,"White",10,10,10,2,1,1,0,0
16310,78,"male",67,120,"White",10,10,10,7,3,2,0,0
69900,32,"male",68,185,"White",11,11,11,6,7,2,2,2
6990,24,"female",66,130,"White",12,12,NA,1,6,2,0,0
46600,43,"female",66,145,"White",14,14,14,8,1,1,0,0
93200,59,"female",66,139,"White",16,16,16,7,1,1,0,0
23300,77,"male",67,150,"White",12,12,12,7,1,2,0,0
37280,37,"male",66,240,"White",12,12,12,8,7,2,0,0
25630,51,"female",63,225,"White",9,9,9,3,1,2,2,2
37280,43,"female",68,175,"White",13,13,13,2,1,1,3,3
41940,27,"male",70,185,"White",12,12,12,4,5,2,0,0
27960,26,"female",63,115,"White",16,16,16,8,7,2,0,0
9320,21,"male",70,170,"African American",14,14,NA,7,5,1,7,7
139800,45,"male",72,195,"White",12,12,12,1,1,1,1,1
100190,40,"male",75,180,"White",17,17,17,8,7,2,0,0
72230,39,"female",62,180,"White",14,14,14,8,1,2,2,2
116500,39,"female",68,150,"White",17,17,17,7,4,2,2,2
62910,29,"female",68,165,"White",14,14,14,7,1,2,0,0
69900,56,"male",70,158,"White",17,17,17,8,1,2,0,0
27960,21,"male",73,195,"African American",13,NA,NA,8,7,2,1,1
318045,49,"male",66,160,"White",18,18,18,8,7,2,0,0
0,39,"female",69,124,"White",16,16,16,1,4,2,4,4
46600,30,"female",62,140,"White",17,17,17,7,1,1,2,2
34950,76,"female",60,120,"African American",12,12,12,1,1,2,0,0
58250,37,"female",64,150,"Asian",16,16,16,4,1,1,0,0
11650,21,"male",68,190,"Hispanic",12,12,12,1,1,1,4,4
4660,67,"female",60,125,"Hispanic",6,NA,NA,8,1,2,0,0
11650,68,"female",60,140,"White",14,14,14,8,7,2,0,0
6990,20,"male",73,170,"Hispanic",15,15,15,8,6,2,1,1
58250,40,"female",64,138,"African American",16,16,NA,2,2,2,1,1
256300,48,"female",66,130,"Asian",18,18,18,8,1,2,1,1
128150,71,"male",69,155,"White",18,18,18,4,1,2,0,0
135140,53,"male",70,170,"White",18,18,18,8,1,2,1,1
23300,36,"female",70,165,"White",16,16,16,1,6,2,6,6
44270,29,"male",72,165,"White",12,12,12,8,2,2,0,0
34950,82,"female",61,120,"White",18,18,18,6,1,2,0,0
18640,33,"female",64,130,"White",12,12,12,1,1,1,7,7
139800,50,"male",72,194,"White",12,12,12,2,1,2,0,0
34950,69,"female",63,155,"Asian",14,14,14,6,1,2,2,2
13980,27,"male",68,150,"White",12,12,12,1,6,1,2,2
